BEGIN TRANSACTION;
CREATE TABLE IF NOT EXISTS "car_makers" ( 
	"Id" INTEGER PRIMARY KEY, 
	"Maker" TEXT, 
	"FullName" TEXT, 
	"Country" TEXT,
	FOREIGN KEY (Country) REFERENCES countries(CountryId)
);
INSERT INTO "car_makers" VALUES(1,'amc','American Motor Company','1');
INSERT INTO "car_makers" VALUES(2,'volkswagen','Volkswagen','2');
INSERT INTO "car_makers" VALUES(3,'bmw','BMW','2');
INSERT INTO "car_makers" VALUES(4,'gm','General Motors','1');
INSERT INTO "car_makers" VALUES(5,'ford','Ford Motor Company','1');
INSERT INTO "car_makers" VALUES(6,'chrysler','Chrysler','1');
INSERT INTO "car_makers" VALUES(7,'citroen','Citroen','3');
INSERT INTO "car_makers" VALUES(8,'nissan','Nissan Motors','4');
INSERT INTO "car_makers" VALUES(9,'fiat','Fiat','5');
INSERT INTO "car_makers" VALUES(11,'honda','Honda','4');
INSERT INTO "car_makers" VALUES(12,'mazda','Mazda','4');
INSERT INTO "car_makers" VALUES(13,'daimler benz','Daimler Benz','2');
INSERT INTO "car_makers" VALUES(14,'opel','Opel','2');
INSERT INTO "car_makers" VALUES(15,'peugeaut','Peugeaut','3');
INSERT INTO "car_makers" VALUES(16,'renault','Renault','3');
INSERT INTO "car_makers" VALUES(17,'saab','Saab','6');
INSERT INTO "car_makers" VALUES(18,'subaru','Subaru','4');
INSERT INTO "car_makers" VALUES(19,'toyota','Toyota','4');
INSERT INTO "car_makers" VALUES(20,'triumph','Triumph','7');
INSERT INTO "car_makers" VALUES(21,'volvo','Volvo','6');
INSERT INTO "car_makers" VALUES(22,'kia','Kia Motors','8');
INSERT INTO "car_makers" VALUES(23,'hyundai','Hyundai','8');
CREATE TABLE IF NOT EXISTS "car_names" ( 
	"MakeId" INTEGER PRIMARY KEY, 
	"Model" TEXT, 
	"Make" TEXT,
	FOREIGN KEY (Model) REFERENCES model_list (Model)
);
INSERT INTO "car_names" VALUES(1,'chevrolet','chevrolet chevelle malibu');
INSERT INTO "car_names" VALUES(2,'buick','buick skylark 320');
INSERT INTO "car_names" VALUES(3,'plymouth','plymouth satellite');
INSERT INTO "car_names" VALUES(4,'amc','amc rebel sst');
INSERT INTO "car_names" VALUES(5,'ford','ford torino');
INSERT INTO "car_names" VALUES(6,'ford','ford galaxie 500');
INSERT INTO "car_names" VALUES(7,'chevrolet','chevrolet impala');
INSERT INTO "car_names" VALUES(8,'plymouth','plymouth fury iii');
INSERT INTO "car_names" VALUES(9,'pontiac','pontiac catalina');
INSERT INTO "car_names" VALUES(10,'amc','amc ambassador dpl');
INSERT INTO "car_names" VALUES(11,'citroen','citroen ds-21 pallas');
INSERT INTO "car_names" VALUES(12,'chevrolet','chevrolet chevelle concours (sw)');
INSERT INTO "car_names" VALUES(13,'ford','ford torino (sw)');
INSERT INTO "car_names" VALUES(14,'plymouth','plymouth satellite (sw)');
INSERT INTO "car_names" VALUES(15,'amc','amc rebel sst (sw)');
INSERT INTO "car_names" VALUES(16,'dodge','dodge challenger se');
INSERT INTO "car_names" VALUES(17,'plymouth','plymouth cuda 340');
INSERT INTO "car_names" VALUES(18,'ford','ford mustang boss 302');
INSERT INTO "car_names" VALUES(19,'chevrolet','chevrolet monte carlo');
INSERT INTO "car_names" VALUES(20,'buick','buick estate wagon (sw)');
INSERT INTO "car_names" VALUES(21,'toyota','toyota corona mark ii');
INSERT INTO "car_names" VALUES(22,'plymouth','plymouth duster');
INSERT INTO "car_names" VALUES(23,'amc','amc hornet');
INSERT INTO "car_names" VALUES(24,'ford','ford maverick');
INSERT INTO "car_names" VALUES(25,'datsun','datsun pl510');
INSERT INTO "car_names" VALUES(26,'volkswagen','volkswagen 1131 deluxe sedan');
INSERT INTO "car_names" VALUES(27,'peugeot','peugeot 504');
INSERT INTO "car_names" VALUES(28,'audi','audi 100 ls');
INSERT INTO "car_names" VALUES(29,'saab','saab 99e');
INSERT INTO "car_names" VALUES(30,'bmw','bmw 2002');
INSERT INTO "car_names" VALUES(31,'amc','amc gremlin');
INSERT INTO "car_names" VALUES(32,'ford','ford f250');
INSERT INTO "car_names" VALUES(33,'chevrolet','chevy c20');
INSERT INTO "car_names" VALUES(34,'dodge','dodge d200');
INSERT INTO "car_names" VALUES(35,'hi','hi 1200d');
INSERT INTO "car_names" VALUES(36,'datsun','datsun pl510');
INSERT INTO "car_names" VALUES(37,'chevrolet','chevrolet vega 2300');
INSERT INTO "car_names" VALUES(38,'toyota','toyota corona');
INSERT INTO "car_names" VALUES(39,'ford','ford pinto');
INSERT INTO "car_names" VALUES(40,'volkswagen','volkswagen super beetle 117');
INSERT INTO "car_names" VALUES(41,'amc','amc gremlin');
INSERT INTO "car_names" VALUES(42,'plymouth','plymouth satellite custom');
INSERT INTO "car_names" VALUES(43,'chevrolet','chevrolet chevelle malibu');
INSERT INTO "car_names" VALUES(44,'ford','ford torino 500');
INSERT INTO "car_names" VALUES(45,'amc','amc matador');
INSERT INTO "car_names" VALUES(46,'chevrolet','chevrolet impala');
INSERT INTO "car_names" VALUES(47,'pontiac','pontiac catalina brougham');
INSERT INTO "car_names" VALUES(48,'ford','ford galaxie 500');
INSERT INTO "car_names" VALUES(49,'plymouth','plymouth fury iii');
INSERT INTO "car_names" VALUES(50,'dodge','dodge monaco (sw)');
INSERT INTO "car_names" VALUES(51,'ford','ford country squire (sw)');
INSERT INTO "car_names" VALUES(52,'pontiac','pontiac safari (sw)');
INSERT INTO "car_names" VALUES(53,'amc','amc hornet sportabout (sw)');
INSERT INTO "car_names" VALUES(54,'chevrolet','chevrolet vega (sw)');
INSERT INTO "car_names" VALUES(55,'pontiac','pontiac firebird');
INSERT INTO "car_names" VALUES(56,'ford','ford mustang');
INSERT INTO "car_names" VALUES(57,'mercury','mercury capri 2000');
INSERT INTO "car_names" VALUES(58,'opel','opel 1900');
INSERT INTO "car_names" VALUES(59,'peugeot','peugeot 304');
INSERT INTO "car_names" VALUES(60,'fiat','fiat 124b');
INSERT INTO "car_names" VALUES(61,'toyota','toyota corolla 1200');
INSERT INTO "car_names" VALUES(62,'datsun','datsun 1200');
INSERT INTO "car_names" VALUES(63,'volkswagen','volkswagen model 111');
INSERT INTO "car_names" VALUES(64,'plymouth','plymouth cricket');
INSERT INTO "car_names" VALUES(65,'toyota','toyota corona hardtop');
INSERT INTO "car_names" VALUES(66,'dodge','dodge colt hardtop');
INSERT INTO "car_names" VALUES(67,'volkswagen','volkswagen type 3');
INSERT INTO "car_names" VALUES(68,'chevrolet','chevrolet vega');
INSERT INTO "car_names" VALUES(69,'ford','ford pinto runabout');
INSERT INTO "car_names" VALUES(70,'chevrolet','chevrolet impala');
INSERT INTO "car_names" VALUES(71,'pontiac','pontiac catalina');
INSERT INTO "car_names" VALUES(72,'plymouth','plymouth fury iii');
INSERT INTO "car_names" VALUES(73,'ford','ford galaxie 500');
INSERT INTO "car_names" VALUES(74,'amc','amc ambassador sst');
INSERT INTO "car_names" VALUES(75,'mercury','mercury marquis');
INSERT INTO "car_names" VALUES(76,'buick','buick lesabre custom');
INSERT INTO "car_names" VALUES(77,'oldsmobile','oldsmobile delta 88 royale');
INSERT INTO "car_names" VALUES(78,'chrysler','chrysler newport royal');
INSERT INTO "car_names" VALUES(79,'mazda','mazda rx2 coupe');
INSERT INTO "car_names" VALUES(80,'amc','amc matador (sw)');
INSERT INTO "car_names" VALUES(81,'chevrolet','chevrolet chevelle concours (sw)');
INSERT INTO "car_names" VALUES(82,'ford','ford gran torino (sw)');
INSERT INTO "car_names" VALUES(83,'plymouth','plymouth satellite custom (sw)');
INSERT INTO "car_names" VALUES(84,'volvo','volvo 145e (sw)');
INSERT INTO "car_names" VALUES(85,'volkswagen','volkswagen 411 (sw)');
INSERT INTO "car_names" VALUES(86,'peugeot','peugeot 504 (sw)');
INSERT INTO "car_names" VALUES(87,'renault','renault 12 (sw)');
INSERT INTO "car_names" VALUES(88,'ford','ford pinto (sw)');
INSERT INTO "car_names" VALUES(89,'datsun','datsun 510 (sw)');
INSERT INTO "car_names" VALUES(90,'toyota','toyota corona mark ii (sw)');
INSERT INTO "car_names" VALUES(91,'dodge','dodge colt (sw)');
INSERT INTO "car_names" VALUES(92,'toyota','toyota corolla 1600 (sw)');
INSERT INTO "car_names" VALUES(93,'buick','buick century 350');
INSERT INTO "car_names" VALUES(94,'amc','amc matador');
INSERT INTO "car_names" VALUES(95,'chevrolet','chevrolet malibu');
INSERT INTO "car_names" VALUES(96,'ford','ford gran torino');
INSERT INTO "car_names" VALUES(97,'dodge','dodge coronet custom');
INSERT INTO "car_names" VALUES(98,'mercury','mercury marquis brougham');
INSERT INTO "car_names" VALUES(99,'chevrolet','chevrolet caprice classic');
INSERT INTO "car_names" VALUES(100,'ford','ford ltd');
INSERT INTO "car_names" VALUES(101,'plymouth','plymouth fury gran sedan');
INSERT INTO "car_names" VALUES(102,'chrysler','chrysler new yorker brougham');
INSERT INTO "car_names" VALUES(103,'buick','buick electra 225 custom');
INSERT INTO "car_names" VALUES(104,'amc','amc ambassador brougham');
INSERT INTO "car_names" VALUES(105,'plymouth','plymouth valiant');
INSERT INTO "car_names" VALUES(106,'chevrolet','chevrolet nova custom');
INSERT INTO "car_names" VALUES(107,'amc','amc hornet');
INSERT INTO "car_names" VALUES(108,'ford','ford maverick');
INSERT INTO "car_names" VALUES(109,'plymouth','plymouth duster');
INSERT INTO "car_names" VALUES(110,'volkswagen','volkswagen super beetle');
INSERT INTO "car_names" VALUES(111,'chevrolet','chevrolet impala');
INSERT INTO "car_names" VALUES(112,'ford','ford country');
INSERT INTO "car_names" VALUES(113,'plymouth','plymouth custom suburb');
INSERT INTO "car_names" VALUES(114,'oldsmobile','oldsmobile vista cruiser');
INSERT INTO "car_names" VALUES(115,'amc','amc gremlin');
INSERT INTO "car_names" VALUES(116,'toyota','toyota carina');
INSERT INTO "car_names" VALUES(117,'chevrolet','chevrolet vega');
INSERT INTO "car_names" VALUES(118,'datsun','datsun 610');
INSERT INTO "car_names" VALUES(119,'mazda','mazda rx3');
INSERT INTO "car_names" VALUES(120,'ford','ford pinto');
INSERT INTO "car_names" VALUES(121,'mercury','mercury capri v6');
INSERT INTO "car_names" VALUES(122,'fiat','fiat 124 sport coupe');
INSERT INTO "car_names" VALUES(123,'chevrolet','chevrolet monte carlo s');
INSERT INTO "car_names" VALUES(124,'pontiac','pontiac grand prix');
INSERT INTO "car_names" VALUES(125,'fiat','fiat 128');
INSERT INTO "car_names" VALUES(126,'opel','opel manta');
INSERT INTO "car_names" VALUES(127,'audi','audi 100ls');
INSERT INTO "car_names" VALUES(128,'volvo','volvo 144ea');
INSERT INTO "car_names" VALUES(129,'dodge','dodge dart custom');
INSERT INTO "car_names" VALUES(130,'saab','saab 99le');
INSERT INTO "car_names" VALUES(131,'toyota','toyota mark ii');
INSERT INTO "car_names" VALUES(132,'oldsmobile','oldsmobile omega');
INSERT INTO "car_names" VALUES(133,'plymouth','plymouth duster');
INSERT INTO "car_names" VALUES(134,'ford','ford maverick');
INSERT INTO "car_names" VALUES(135,'amc','amc hornet');
INSERT INTO "car_names" VALUES(136,'chevrolet','chevrolet nova');
INSERT INTO "car_names" VALUES(137,'datsun','datsun b210');
INSERT INTO "car_names" VALUES(138,'ford','ford pinto');
INSERT INTO "car_names" VALUES(139,'toyota','toyota corolla 1200');
INSERT INTO "car_names" VALUES(140,'chevrolet','chevrolet vega');
INSERT INTO "car_names" VALUES(141,'chevrolet','chevrolet chevelle malibu classic');
INSERT INTO "car_names" VALUES(142,'amc','amc matador');
INSERT INTO "car_names" VALUES(143,'plymouth','plymouth satellite sebring');
INSERT INTO "car_names" VALUES(144,'ford','ford gran torino');
INSERT INTO "car_names" VALUES(145,'buick','buick century luxus (sw)');
INSERT INTO "car_names" VALUES(146,'dodge','dodge coronet custom (sw)');
INSERT INTO "car_names" VALUES(147,'ford','ford gran torino (sw)');
INSERT INTO "car_names" VALUES(148,'amc','amc matador (sw)');
INSERT INTO "car_names" VALUES(149,'audi','audi fox');
INSERT INTO "car_names" VALUES(150,'volkswagen','volkswagen dasher');
INSERT INTO "car_names" VALUES(151,'opel','opel manta');
INSERT INTO "car_names" VALUES(152,'toyota','toyota corona');
INSERT INTO "car_names" VALUES(153,'datsun','datsun 710');
INSERT INTO "car_names" VALUES(154,'dodge','dodge colt');
INSERT INTO "car_names" VALUES(155,'fiat','fiat 128');
INSERT INTO "car_names" VALUES(156,'fiat','fiat 124 tc');
INSERT INTO "car_names" VALUES(157,'honda','honda civic');
INSERT INTO "car_names" VALUES(158,'subaru','subaru');
INSERT INTO "car_names" VALUES(159,'fiat','fiat x1.9');
INSERT INTO "car_names" VALUES(160,'plymouth','plymouth valiant custom');
INSERT INTO "car_names" VALUES(161,'chevrolet','chevrolet nova');
INSERT INTO "car_names" VALUES(162,'mercury','mercury monarch');
INSERT INTO "car_names" VALUES(163,'ford','ford maverick');
INSERT INTO "car_names" VALUES(164,'pontiac','pontiac catalina');
INSERT INTO "car_names" VALUES(165,'chevrolet','chevrolet bel air');
INSERT INTO "car_names" VALUES(166,'plymouth','plymouth grand fury');
INSERT INTO "car_names" VALUES(167,'ford','ford ltd');
INSERT INTO "car_names" VALUES(168,'buick','buick century');
INSERT INTO "car_names" VALUES(169,'chevrolet','chevrolet chevelle malibu');
INSERT INTO "car_names" VALUES(170,'amc','amc matador');
INSERT INTO "car_names" VALUES(171,'plymouth','plymouth fury');
INSERT INTO "car_names" VALUES(172,'buick','buick skyhawk');
INSERT INTO "car_names" VALUES(173,'chevrolet','chevrolet monza 2+2');
INSERT INTO "car_names" VALUES(174,'ford','ford mustang ii');
INSERT INTO "car_names" VALUES(175,'toyota','toyota corolla');
INSERT INTO "car_names" VALUES(176,'ford','ford pinto');
INSERT INTO "car_names" VALUES(177,'amc','amc gremlin');
INSERT INTO "car_names" VALUES(178,'pontiac','pontiac astro');
INSERT INTO "car_names" VALUES(179,'toyota','toyota corona');
INSERT INTO "car_names" VALUES(180,'volkswagen','volkswagen dasher');
INSERT INTO "car_names" VALUES(181,'datsun','datsun 710');
INSERT INTO "car_names" VALUES(182,'ford','ford pinto');
INSERT INTO "car_names" VALUES(183,'volkswagen','volkswagen rabbit');
INSERT INTO "car_names" VALUES(184,'amc','amc pacer');
INSERT INTO "car_names" VALUES(185,'audi','audi 100ls');
INSERT INTO "car_names" VALUES(186,'peugeot','peugeot 504');
INSERT INTO "car_names" VALUES(187,'volvo','volvo 244dl');
INSERT INTO "car_names" VALUES(188,'saab','saab 99le');
INSERT INTO "car_names" VALUES(189,'honda','honda civic cvcc');
INSERT INTO "car_names" VALUES(190,'fiat','fiat 131');
INSERT INTO "car_names" VALUES(191,'opel','opel 1900');
INSERT INTO "car_names" VALUES(192,'capri','capri ii');
INSERT INTO "car_names" VALUES(193,'dodge','dodge colt');
INSERT INTO "car_names" VALUES(194,'renault','renault 12tl');
INSERT INTO "car_names" VALUES(195,'chevrolet','chevrolet chevelle malibu classic');
INSERT INTO "car_names" VALUES(196,'dodge','dodge coronet brougham');
INSERT INTO "car_names" VALUES(197,'amc','amc matador');
INSERT INTO "car_names" VALUES(198,'ford','ford gran torino');
INSERT INTO "car_names" VALUES(199,'plymouth','plymouth valiant');
INSERT INTO "car_names" VALUES(200,'chevrolet','chevrolet nova');
INSERT INTO "car_names" VALUES(201,'ford','ford maverick');
INSERT INTO "car_names" VALUES(202,'amc','amc hornet');
INSERT INTO "car_names" VALUES(203,'chevrolet','chevrolet chevette');
INSERT INTO "car_names" VALUES(204,'chevrolet','chevrolet woody');
INSERT INTO "car_names" VALUES(205,'volkswagen','vw rabbit');
INSERT INTO "car_names" VALUES(206,'honda','honda civic');
INSERT INTO "car_names" VALUES(207,'dodge','dodge aspen se');
INSERT INTO "car_names" VALUES(208,'ford','ford granada ghia');
INSERT INTO "car_names" VALUES(209,'pontiac','pontiac ventura sj');
INSERT INTO "car_names" VALUES(210,'amc','amc pacer d/l');
INSERT INTO "car_names" VALUES(211,'volkswagen','volkswagen rabbit');
INSERT INTO "car_names" VALUES(212,'datsun','datsun b-210');
INSERT INTO "car_names" VALUES(213,'toyota','toyota corolla');
INSERT INTO "car_names" VALUES(214,'ford','ford pinto');
INSERT INTO "car_names" VALUES(215,'volvo','volvo 245');
INSERT INTO "car_names" VALUES(216,'plymouth','plymouth volare premier v8');
INSERT INTO "car_names" VALUES(217,'peugeot','peugeot 504');
INSERT INTO "car_names" VALUES(218,'toyota','toyota mark ii');
INSERT INTO "car_names" VALUES(219,'mercedes-benz','mercedes-benz 280s');
INSERT INTO "car_names" VALUES(220,'cadillac','cadillac seville');
INSERT INTO "car_names" VALUES(221,'chevrolet','chevy c10');
INSERT INTO "car_names" VALUES(222,'ford','ford f108');
INSERT INTO "car_names" VALUES(223,'dodge','dodge d100');
INSERT INTO "car_names" VALUES(224,'honda','honda accord cvcc');
INSERT INTO "car_names" VALUES(225,'buick','buick opel isuzu deluxe');
INSERT INTO "car_names" VALUES(226,'renault','renault 5 gtl');
INSERT INTO "car_names" VALUES(227,'plymouth','plymouth arrow gs');
INSERT INTO "car_names" VALUES(228,'datsun','datsun f-10 hatchback');
INSERT INTO "car_names" VALUES(229,'chevrolet','chevrolet caprice classic');
INSERT INTO "car_names" VALUES(230,'oldsmobile','oldsmobile cutlass supreme');
INSERT INTO "car_names" VALUES(231,'dodge','dodge monaco brougham');
INSERT INTO "car_names" VALUES(232,'mercury','mercury cougar brougham');
INSERT INTO "car_names" VALUES(233,'chevrolet','chevrolet concours');
INSERT INTO "car_names" VALUES(234,'buick','buick skylark');
INSERT INTO "car_names" VALUES(235,'plymouth','plymouth volare custom');
INSERT INTO "car_names" VALUES(236,'ford','ford granada');
INSERT INTO "car_names" VALUES(237,'pontiac','pontiac grand prix lj');
INSERT INTO "car_names" VALUES(238,'chevrolet','chevrolet monte carlo landau');
INSERT INTO "car_names" VALUES(239,'chrysler','chrysler cordoba');
INSERT INTO "car_names" VALUES(240,'ford','ford thunderbird');
INSERT INTO "car_names" VALUES(241,'volkswagen','volkswagen rabbit custom');
INSERT INTO "car_names" VALUES(242,'pontiac','pontiac sunbird coupe');
INSERT INTO "car_names" VALUES(243,'toyota','toyota corolla liftback');
INSERT INTO "car_names" VALUES(244,'ford','ford mustang ii 2+2');
INSERT INTO "car_names" VALUES(245,'chevrolet','chevrolet chevette');
INSERT INTO "car_names" VALUES(246,'dodge','dodge colt m/m');
INSERT INTO "car_names" VALUES(247,'subaru','subaru dl');
INSERT INTO "car_names" VALUES(248,'volkswagen','volkswagen dasher');
INSERT INTO "car_names" VALUES(249,'datsun','datsun 810');
INSERT INTO "car_names" VALUES(250,'bmw','bmw 320i');
INSERT INTO "car_names" VALUES(251,'mazda','mazda rx-4');
INSERT INTO "car_names" VALUES(252,'volkswagen','volkswagen rabbit custom diesel');
INSERT INTO "car_names" VALUES(253,'ford','ford fiesta');
INSERT INTO "car_names" VALUES(254,'mazda','mazda glc deluxe');
INSERT INTO "car_names" VALUES(255,'datsun','datsun b210 gx');
INSERT INTO "car_names" VALUES(256,'honda','honda civic cvcc');
INSERT INTO "car_names" VALUES(257,'oldsmobile','oldsmobile cutlass salon brougham');
INSERT INTO "car_names" VALUES(258,'dodge','dodge diplomat');
INSERT INTO "car_names" VALUES(259,'mercury','mercury monarch ghia');
INSERT INTO "car_names" VALUES(260,'pontiac','pontiac phoenix lj');
INSERT INTO "car_names" VALUES(261,'chevrolet','chevrolet malibu');
INSERT INTO "car_names" VALUES(262,'ford','ford fairmont (auto)');
INSERT INTO "car_names" VALUES(263,'ford','ford fairmont (man)');
INSERT INTO "car_names" VALUES(264,'plymouth','plymouth volare');
INSERT INTO "car_names" VALUES(265,'amc','amc concord');
INSERT INTO "car_names" VALUES(266,'buick','buick century special');
INSERT INTO "car_names" VALUES(267,'mercury','mercury zephyr');
INSERT INTO "car_names" VALUES(268,'dodge','dodge aspen');
INSERT INTO "car_names" VALUES(269,'amc','amc concord d/l');
INSERT INTO "car_names" VALUES(270,'chevrolet','chevrolet monte carlo landau');
INSERT INTO "car_names" VALUES(271,'buick','buick regal sport coupe (turbo)');
INSERT INTO "car_names" VALUES(272,'ford','ford futura');
INSERT INTO "car_names" VALUES(273,'dodge','dodge magnum xe');
INSERT INTO "car_names" VALUES(274,'chevrolet','chevrolet chevette');
INSERT INTO "car_names" VALUES(275,'toyota','toyota corona');
INSERT INTO "car_names" VALUES(276,'datsun','datsun 510');
INSERT INTO "car_names" VALUES(277,'dodge','dodge omni');
INSERT INTO "car_names" VALUES(278,'toyota','toyota celica gt liftback');
INSERT INTO "car_names" VALUES(279,'plymouth','plymouth sapporo');
INSERT INTO "car_names" VALUES(280,'oldsmobile','oldsmobile starfire sx');
INSERT INTO "car_names" VALUES(281,'datsun','datsun 200-sx');
INSERT INTO "car_names" VALUES(282,'audi','audi 5000');
INSERT INTO "car_names" VALUES(283,'volvo','volvo 264gl');
INSERT INTO "car_names" VALUES(284,'saab','saab 99gle');
INSERT INTO "car_names" VALUES(285,'peugeot','peugeot 604sl');
INSERT INTO "car_names" VALUES(286,'volkswagen','volkswagen scirocco');
INSERT INTO "car_names" VALUES(287,'honda','honda accord lx');
INSERT INTO "car_names" VALUES(288,'pontiac','pontiac lemans v6');
INSERT INTO "car_names" VALUES(289,'mercury','mercury zephyr 6');
INSERT INTO "car_names" VALUES(290,'ford','ford fairmont 4');
INSERT INTO "car_names" VALUES(291,'amc','amc concord dl 6');
INSERT INTO "car_names" VALUES(292,'dodge','dodge aspen 6');
INSERT INTO "car_names" VALUES(293,'chevrolet','chevrolet caprice classic');
INSERT INTO "car_names" VALUES(294,'ford','ford ltd landau');
INSERT INTO "car_names" VALUES(295,'mercury','mercury grand marquis');
INSERT INTO "car_names" VALUES(296,'dodge','dodge st. regis');
INSERT INTO "car_names" VALUES(297,'buick','buick estate wagon (sw)');
INSERT INTO "car_names" VALUES(298,'ford','ford country squire (sw)');
INSERT INTO "car_names" VALUES(299,'chevrolet','chevrolet malibu classic (sw)');
INSERT INTO "car_names" VALUES(300,'chrysler','chrysler lebaron town @ country (sw)');
INSERT INTO "car_names" VALUES(301,'volkswagen','vw rabbit custom');
INSERT INTO "car_names" VALUES(302,'mazda',' mazda glc deluxe');
INSERT INTO "car_names" VALUES(303,'dodge','dodge colt hatchback custom');
INSERT INTO "car_names" VALUES(304,'amc','amc spirit dl');
INSERT INTO "car_names" VALUES(305,'mercedes','mercedes benz 300d');
INSERT INTO "car_names" VALUES(306,'cadillac','cadillac eldorado');
INSERT INTO "car_names" VALUES(307,'peugeot','peugeot 504');
INSERT INTO "car_names" VALUES(308,'oldsmobile','oldsmobile cutlass salon brougham');
INSERT INTO "car_names" VALUES(309,'plymouth','plymouth horizon');
INSERT INTO "car_names" VALUES(310,'plymouth','plymouth horizon tc3');
INSERT INTO "car_names" VALUES(311,'datsun','datsun 210');
INSERT INTO "car_names" VALUES(312,'fiat','fiat strada custom');
INSERT INTO "car_names" VALUES(313,'buick','buick skylark limited');
INSERT INTO "car_names" VALUES(314,'chevrolet','chevrolet citation');
INSERT INTO "car_names" VALUES(315,'oldsmobile','oldsmobile omega brougham');
INSERT INTO "car_names" VALUES(316,'pontiac','pontiac phoenix');
INSERT INTO "car_names" VALUES(317,'volkswagen','vw rabbit');
INSERT INTO "car_names" VALUES(318,'toyota','toyota corolla tercel');
INSERT INTO "car_names" VALUES(319,'chevrolet','chevrolet chevette');
INSERT INTO "car_names" VALUES(320,'datsun','datsun 310');
INSERT INTO "car_names" VALUES(321,'chevrolet','chevrolet citation');
INSERT INTO "car_names" VALUES(322,'ford','ford fairmont');
INSERT INTO "car_names" VALUES(323,'amc','amc concord');
INSERT INTO "car_names" VALUES(324,'dodge','dodge aspen');
INSERT INTO "car_names" VALUES(325,'audi','audi 4000');
INSERT INTO "car_names" VALUES(326,'toyota','toyota corona liftback');
INSERT INTO "car_names" VALUES(327,'mazda','mazda 626');
INSERT INTO "car_names" VALUES(328,'datsun','datsun 510 hatchback');
INSERT INTO "car_names" VALUES(329,'toyota','toyota corolla');
INSERT INTO "car_names" VALUES(330,'mazda','mazda glc');
INSERT INTO "car_names" VALUES(331,'dodge','dodge colt');
INSERT INTO "car_names" VALUES(332,'datsun','datsun 210');
INSERT INTO "car_names" VALUES(333,'volkswagen','vw rabbit c (diesel)');
INSERT INTO "car_names" VALUES(334,'volkswagen','vw dasher (diesel)');
INSERT INTO "car_names" VALUES(335,'audi','audi 5000s (diesel)');
INSERT INTO "car_names" VALUES(336,'mercedes-benz','mercedes-benz 240d');
INSERT INTO "car_names" VALUES(337,'honda','honda civic 1500 gl');
INSERT INTO "car_names" VALUES(338,'renault','renault lecar deluxe');
INSERT INTO "car_names" VALUES(339,'subaru','subaru dl');
INSERT INTO "car_names" VALUES(340,' volkswagen','volkswagen rabbit');
INSERT INTO "car_names" VALUES(341,'datsun','datsun 280-zx');
INSERT INTO "car_names" VALUES(342,'mazda','mazda rx-7 gs');
INSERT INTO "car_names" VALUES(343,'triumph','triumph tr7 coupe');
INSERT INTO "car_names" VALUES(344,'ford','ford mustang cobra');
INSERT INTO "car_names" VALUES(345,'honda','honda accord');
INSERT INTO "car_names" VALUES(346,'plymouth','plymouth reliant');
INSERT INTO "car_names" VALUES(347,'buick','buick skylark');
INSERT INTO "car_names" VALUES(348,'dodge','dodge aries wagon (sw)');
INSERT INTO "car_names" VALUES(349,'chevrolet','chevrolet citation');
INSERT INTO "car_names" VALUES(350,'plymouth','plymouth reliant');
INSERT INTO "car_names" VALUES(351,'toyota','toyota starlet');
INSERT INTO "car_names" VALUES(352,'plymouth','plymouth champ');
INSERT INTO "car_names" VALUES(353,'honda','honda civic 1300');
INSERT INTO "car_names" VALUES(354,'subaru','subaru');
INSERT INTO "car_names" VALUES(355,'datsun','datsun 210 mpg');
INSERT INTO "car_names" VALUES(356,'toyota','toyota tercel');
INSERT INTO "car_names" VALUES(357,'mazda','mazda glc 4');
INSERT INTO "car_names" VALUES(358,'plymouth','plymouth horizon 4');
INSERT INTO "car_names" VALUES(359,'ford','ford escort 4w');
INSERT INTO "car_names" VALUES(360,'ford','ford escort 2h');
INSERT INTO "car_names" VALUES(361,'volkswagen','volkswagen jetta');
INSERT INTO "car_names" VALUES(362,'renault','renault 18i');
INSERT INTO "car_names" VALUES(363,'honda','honda prelude');
INSERT INTO "car_names" VALUES(364,'toyota','toyota corolla');
INSERT INTO "car_names" VALUES(365,'datsun','datsun 200sx');
INSERT INTO "car_names" VALUES(366,'mazda','mazda 626');
INSERT INTO "car_names" VALUES(367,'peugeot','peugeot 505s turbo diesel');
INSERT INTO "car_names" VALUES(368,'saab','saab 900s');
INSERT INTO "car_names" VALUES(369,'volvo','volvo diesel');
INSERT INTO "car_names" VALUES(370,'toyota','toyota cressida');
INSERT INTO "car_names" VALUES(371,'datsun','datsun 810 maxima');
INSERT INTO "car_names" VALUES(372,'buick','buick century');
INSERT INTO "car_names" VALUES(373,'oldsmobile','oldsmobile cutlass ls');
INSERT INTO "car_names" VALUES(374,'ford','ford granada gl');
INSERT INTO "car_names" VALUES(375,'chrysler','chrysler lebaron salon');
INSERT INTO "car_names" VALUES(376,'chevrolet','chevrolet cavalier');
INSERT INTO "car_names" VALUES(377,'chevrolet','chevrolet cavalier wagon');
INSERT INTO "car_names" VALUES(378,'chevrolet','chevrolet cavalier 2-door');
INSERT INTO "car_names" VALUES(379,'pontiac','pontiac j2000 se hatchback');
INSERT INTO "car_names" VALUES(380,'dodge','dodge aries se');
INSERT INTO "car_names" VALUES(381,'pontiac','pontiac phoenix');
INSERT INTO "car_names" VALUES(382,'ford','ford fairmont futura');
INSERT INTO "car_names" VALUES(383,'amc','amc concord dl');
INSERT INTO "car_names" VALUES(384,'volkswagen','volkswagen rabbit l');
INSERT INTO "car_names" VALUES(385,'mazda','mazda glc custom l');
INSERT INTO "car_names" VALUES(386,'mazda','mazda glc custom');
INSERT INTO "car_names" VALUES(387,'plymouth','plymouth horizon miser');
INSERT INTO "car_names" VALUES(388,'mercury','mercury lynx l');
INSERT INTO "car_names" VALUES(389,'nissan','nissan stanza xe');
INSERT INTO "car_names" VALUES(390,'honda','honda accord');
INSERT INTO "car_names" VALUES(391,'toyota','toyota corolla');
INSERT INTO "car_names" VALUES(392,'honda','honda civic');
INSERT INTO "car_names" VALUES(393,'honda','honda civic (auto)');
INSERT INTO "car_names" VALUES(394,'datsun','datsun 310 gx');
INSERT INTO "car_names" VALUES(395,'buick','buick century limited');
INSERT INTO "car_names" VALUES(396,'oldsmobile','oldsmobile cutlass ciera (diesel)');
INSERT INTO "car_names" VALUES(397,'chrysler','chrysler lebaron medallion');
INSERT INTO "car_names" VALUES(398,'ford','ford granada l');
INSERT INTO "car_names" VALUES(399,'toyota','toyota celica gt');
INSERT INTO "car_names" VALUES(400,'dodge','dodge charger 2.2');
INSERT INTO "car_names" VALUES(401,'chevrolet','chevrolet camaro');
INSERT INTO "car_names" VALUES(402,'ford','ford mustang gl');
INSERT INTO "car_names" VALUES(403,'volkswagen','vw pickup');
INSERT INTO "car_names" VALUES(404,'dodge','dodge rampage');
INSERT INTO "car_names" VALUES(405,'ford','ford ranger');
INSERT INTO "car_names" VALUES(406,'chevrolet','chevy s-10');
CREATE TABLE IF NOT EXISTS "cars_data" (
	"Id" INTEGER PRIMARY KEY, 
	"MPG" TEXT, 
	"Cylinders" INTEGER, 
	"Edispl" REAL, 
	"Horsepower" TEXT, 
	"Weight" INTEGER, 
	"Accelerate" REAL, 
	"Year" INTEGER,
	FOREIGN KEY (Id) REFERENCES car_names (MakeId)
);
INSERT INTO "cars_data" VALUES(1,'18',8,307.0,'130',3504,12.0,1970);
INSERT INTO "cars_data" VALUES(2,'15',8,350.0,'165',3693,11.5,1970);
INSERT INTO "cars_data" VALUES(3,'18',8,318.0,'150',3436,11.0,1970);
INSERT INTO "cars_data" VALUES(4,'16',8,304.0,'150',3433,12.0,1970);
INSERT INTO "cars_data" VALUES(5,'17',8,302.0,'140',3449,10.5,1970);
INSERT INTO "cars_data" VALUES(6,'15',8,429.0,'198',4341,10.0,1970);
INSERT INTO "cars_data" VALUES(7,'14',8,454.0,'220',4354,9.0,1970);
INSERT INTO "cars_data" VALUES(8,'14',8,440.0,'215',4312,8.5,1970);
INSERT INTO "cars_data" VALUES(9,'14',8,455.0,'225',4425,10.0,1970);
INSERT INTO "cars_data" VALUES(10,'15',8,390.0,'190',3850,8.5,1970);
INSERT INTO "cars_data" VALUES(11,'null',4,133.0,'115',3090,17.5,1970);
INSERT INTO "cars_data" VALUES(12,'null',8,350.0,'165',4142,11.5,1970);
INSERT INTO "cars_data" VALUES(13,'null',8,351.0,'153',4034,11.0,1970);
INSERT INTO "cars_data" VALUES(14,'null',8,383.0,'175',4166,10.5,1970);
INSERT INTO "cars_data" VALUES(15,'null',8,360.0,'175',3850,11.0,1970);
INSERT INTO "cars_data" VALUES(16,'15',8,383.0,'170',3563,10.0,1970);
INSERT INTO "cars_data" VALUES(17,'14',8,340.0,'160',3609,8.0,1970);
INSERT INTO "cars_data" VALUES(18,'null',8,302.0,'140',3353,8.0,1970);
INSERT INTO "cars_data" VALUES(19,'15',8,400.0,'150',3761,9.5,1970);
INSERT INTO "cars_data" VALUES(20,'14',8,455.0,'225',3086,10.0,1970);
INSERT INTO "cars_data" VALUES(21,'24',4,113.0,'95',2372,15.0,1970);
INSERT INTO "cars_data" VALUES(22,'22',6,198.0,'95',2833,15.5,1970);
INSERT INTO "cars_data" VALUES(23,'18',6,199.0,'97',2774,15.5,1970);
INSERT INTO "cars_data" VALUES(24,'21',6,200.0,'85',2587,16.0,1970);
INSERT INTO "cars_data" VALUES(25,'27',4,97.0,'88',2130,14.5,1970);
INSERT INTO "cars_data" VALUES(26,'26',4,97.0,'46',1835,20.5,1970);
INSERT INTO "cars_data" VALUES(27,'25',4,110.0,'87',2672,17.5,1970);
INSERT INTO "cars_data" VALUES(28,'24',4,107.0,'90',2430,14.5,1970);
INSERT INTO "cars_data" VALUES(29,'25',4,104.0,'95',2375,17.5,1970);
INSERT INTO "cars_data" VALUES(30,'26',4,121.0,'113',2234,12.5,1970);
INSERT INTO "cars_data" VALUES(31,'21',6,199.0,'90',2648,15.0,1970);
INSERT INTO "cars_data" VALUES(32,'10',8,360.0,'215',4615,14.0,1970);
INSERT INTO "cars_data" VALUES(33,'10',8,307.0,'200',4376,15.0,1970);
INSERT INTO "cars_data" VALUES(34,'11',8,318.0,'210',4382,13.5,1970);
INSERT INTO "cars_data" VALUES(35,'9',8,304.0,'193',4732,18.5,1970);
INSERT INTO "cars_data" VALUES(36,'27',4,97.0,'88',2130,14.5,1971);
INSERT INTO "cars_data" VALUES(37,'28',4,140.0,'90',2264,15.5,1971);
INSERT INTO "cars_data" VALUES(38,'25',4,113.0,'95',2228,14.0,1971);
INSERT INTO "cars_data" VALUES(39,'25',4,98.0,'null',2046,19.0,1971);
INSERT INTO "cars_data" VALUES(40,'null',4,97.0,'48',1978,20.0,1971);
INSERT INTO "cars_data" VALUES(41,'19',6,232.0,'100',2634,13.0,1971);
INSERT INTO "cars_data" VALUES(42,'16',6,225.0,'105',3439,15.5,1971);
INSERT INTO "cars_data" VALUES(43,'17',6,250.0,'100',3329,15.5,1971);
INSERT INTO "cars_data" VALUES(44,'19',6,250.0,'88',3302,15.5,1971);
INSERT INTO "cars_data" VALUES(45,'18',6,232.0,'100',3288,15.5,1971);
INSERT INTO "cars_data" VALUES(46,'14',8,350.0,'165',4209,12.0,1971);
INSERT INTO "cars_data" VALUES(47,'14',8,400.0,'175',4464,11.5,1971);
INSERT INTO "cars_data" VALUES(48,'14',8,351.0,'153',4154,13.5,1971);
INSERT INTO "cars_data" VALUES(49,'14',8,318.0,'150',4096,13.0,1971);
INSERT INTO "cars_data" VALUES(50,'12',8,383.0,'180',4955,11.5,1971);
INSERT INTO "cars_data" VALUES(51,'13',8,400.0,'170',4746,12.0,1971);
INSERT INTO "cars_data" VALUES(52,'13',8,400.0,'175',5140,12.0,1971);
INSERT INTO "cars_data" VALUES(53,'18',6,258.0,'110',2962,13.5,1971);
INSERT INTO "cars_data" VALUES(54,'22',4,140.0,'72',2408,19.0,1971);
INSERT INTO "cars_data" VALUES(55,'19',6,250.0,'100',3282,15.0,1971);
INSERT INTO "cars_data" VALUES(56,'18',6,250.0,'88',3139,14.5,1971);
INSERT INTO "cars_data" VALUES(57,'23',4,122.0,'86',2220,14.0,1971);
INSERT INTO "cars_data" VALUES(58,'28',4,116.0,'90',2123,14.0,1971);
INSERT INTO "cars_data" VALUES(59,'30',4,79.0,'70',2074,19.5,1971);
INSERT INTO "cars_data" VALUES(60,'30',4,88.0,'76',2065,14.5,1971);
INSERT INTO "cars_data" VALUES(61,'31',4,71.0,'65',1773,19.0,1971);
INSERT INTO "cars_data" VALUES(62,'35',4,72.0,'69',1613,18.0,1971);
INSERT INTO "cars_data" VALUES(63,'27',4,97.0,'60',1834,19.0,1971);
INSERT INTO "cars_data" VALUES(64,'26',4,91.0,'70',1955,20.5,1971);
INSERT INTO "cars_data" VALUES(65,'24',4,113.0,'95',2278,15.5,1972);
INSERT INTO "cars_data" VALUES(66,'25',4,97.5,'80',2126,17.0,1972);
INSERT INTO "cars_data" VALUES(67,'23',4,97.0,'54',2254,23.5,1972);
INSERT INTO "cars_data" VALUES(68,'20',4,140.0,'90',2408,19.5,1972);
INSERT INTO "cars_data" VALUES(69,'21',4,122.0,'86',2226,16.5,1972);
INSERT INTO "cars_data" VALUES(70,'13',8,350.0,'165',4274,12.0,1972);
INSERT INTO "cars_data" VALUES(71,'14',8,400.0,'175',4385,12.0,1972);
INSERT INTO "cars_data" VALUES(72,'15',8,318.0,'150',4135,13.5,1972);
INSERT INTO "cars_data" VALUES(73,'14',8,351.0,'153',4129,13.0,1972);
INSERT INTO "cars_data" VALUES(74,'17',8,304.0,'150',3672,11.5,1972);
INSERT INTO "cars_data" VALUES(75,'11',8,429.0,'208',4633,11.0,1972);
INSERT INTO "cars_data" VALUES(76,'13',8,350.0,'155',4502,13.5,1972);
INSERT INTO "cars_data" VALUES(77,'12',8,350.0,'160',4456,13.5,1972);
INSERT INTO "cars_data" VALUES(78,'13',8,400.0,'190',4422,12.5,1972);
INSERT INTO "cars_data" VALUES(79,'19',3,70.0,'97',2330,13.5,1972);
INSERT INTO "cars_data" VALUES(80,'15',8,304.0,'150',3892,12.5,1972);
INSERT INTO "cars_data" VALUES(81,'13',8,307.0,'130',4098,14.0,1972);
INSERT INTO "cars_data" VALUES(82,'13',8,302.0,'140',4294,16.0,1972);
INSERT INTO "cars_data" VALUES(83,'14',8,318.0,'150',4077,14.0,1972);
INSERT INTO "cars_data" VALUES(84,'18',4,121.0,'112',2933,14.5,1972);
INSERT INTO "cars_data" VALUES(85,'22',4,121.0,'76',2511,18.0,1972);
INSERT INTO "cars_data" VALUES(86,'21',4,120.0,'87',2979,19.5,1972);
INSERT INTO "cars_data" VALUES(87,'26',4,96.0,'69',2189,18.0,1972);
INSERT INTO "cars_data" VALUES(88,'22',4,122.0,'86',2395,16.0,1972);
INSERT INTO "cars_data" VALUES(89,'28',4,97.0,'92',2288,17.0,1972);
INSERT INTO "cars_data" VALUES(90,'23',4,120.0,'97',2506,14.5,1972);
INSERT INTO "cars_data" VALUES(91,'28',4,98.0,'80',2164,15.0,1972);
INSERT INTO "cars_data" VALUES(92,'27',4,97.0,'88',2100,16.5,1972);
INSERT INTO "cars_data" VALUES(93,'13',8,350.0,'175',4100,13.0,1973);
INSERT INTO "cars_data" VALUES(94,'14',8,304.0,'150',3672,11.5,1973);
INSERT INTO "cars_data" VALUES(95,'13',8,350.0,'145',3988,13.0,1973);
INSERT INTO "cars_data" VALUES(96,'14',8,302.0,'137',4042,14.5,1973);
INSERT INTO "cars_data" VALUES(97,'15',8,318.0,'150',3777,12.5,1973);
INSERT INTO "cars_data" VALUES(98,'12',8,429.0,'198',4952,11.5,1973);
INSERT INTO "cars_data" VALUES(99,'13',8,400.0,'150',4464,12.0,1973);
INSERT INTO "cars_data" VALUES(100,'13',8,351.0,'158',4363,13.0,1973);
INSERT INTO "cars_data" VALUES(101,'14',8,318.0,'150',4237,14.5,1973);
INSERT INTO "cars_data" VALUES(102,'13',8,440.0,'215',4735,11.0,1973);
INSERT INTO "cars_data" VALUES(103,'12',8,455.0,'225',4951,11.0,1973);
INSERT INTO "cars_data" VALUES(104,'13',8,360.0,'175',3821,11.0,1973);
INSERT INTO "cars_data" VALUES(105,'18',6,225.0,'105',3121,16.5,1973);
INSERT INTO "cars_data" VALUES(106,'16',6,250.0,'100',3278,18.0,1973);
INSERT INTO "cars_data" VALUES(107,'18',6,232.0,'100',2945,16.0,1973);
INSERT INTO "cars_data" VALUES(108,'18',6,250.0,'88',3021,16.5,1973);
INSERT INTO "cars_data" VALUES(109,'23',6,198.0,'95',2904,16.0,1973);
INSERT INTO "cars_data" VALUES(110,'26',4,97.0,'46',1950,21.0,1973);
INSERT INTO "cars_data" VALUES(111,'11',8,400.0,'150',4997,14.0,1973);
INSERT INTO "cars_data" VALUES(112,'12',8,400.0,'167',4906,12.5,1973);
INSERT INTO "cars_data" VALUES(113,'13',8,360.0,'170',4654,13.0,1973);
INSERT INTO "cars_data" VALUES(114,'12',8,350.0,'180',4499,12.5,1973);
INSERT INTO "cars_data" VALUES(115,'18',6,232.0,'100',2789,15.0,1973);
INSERT INTO "cars_data" VALUES(116,'20',4,97.0,'88',2279,19.0,1973);
INSERT INTO "cars_data" VALUES(117,'21',4,140.0,'72',2401,19.5,1973);
INSERT INTO "cars_data" VALUES(118,'22',4,108.0,'94',2379,16.5,1973);
INSERT INTO "cars_data" VALUES(119,'18',3,70.0,'90',2124,13.5,1973);
INSERT INTO "cars_data" VALUES(120,'19',4,122.0,'85',2310,18.5,1973);
INSERT INTO "cars_data" VALUES(121,'21',6,155.0,'107',2472,14.0,1973);
INSERT INTO "cars_data" VALUES(122,'26',4,98.0,'90',2265,15.5,1973);
INSERT INTO "cars_data" VALUES(123,'15',8,350.0,'145',4082,13.0,1973);
INSERT INTO "cars_data" VALUES(124,'16',8,400.0,'230',4278,9.5,1973);
INSERT INTO "cars_data" VALUES(125,'29',4,68.0,'49',1867,19.5,1973);
INSERT INTO "cars_data" VALUES(126,'24',4,116.0,'75',2158,15.5,1973);
INSERT INTO "cars_data" VALUES(127,'20',4,114.0,'91',2582,14.0,1973);
INSERT INTO "cars_data" VALUES(128,'19',4,121.0,'112',2868,15.5,1973);
INSERT INTO "cars_data" VALUES(129,'15',8,318.0,'150',3399,11.0,1973);
INSERT INTO "cars_data" VALUES(130,'24',4,121.0,'110',2660,14.0,1973);
INSERT INTO "cars_data" VALUES(131,'20',6,156.0,'122',2807,13.5,1973);
INSERT INTO "cars_data" VALUES(132,'11',8,350.0,'180',3664,11.0,1973);
INSERT INTO "cars_data" VALUES(133,'20',6,198.0,'95',3102,16.5,1974);
INSERT INTO "cars_data" VALUES(134,'21',6,200.0,'null',2875,17.0,1974);
INSERT INTO "cars_data" VALUES(135,'19',6,232.0,'100',2901,16.0,1974);
INSERT INTO "cars_data" VALUES(136,'15',6,250.0,'100',3336,17.0,1974);
INSERT INTO "cars_data" VALUES(137,'31',4,79.0,'67',1950,19.0,1974);
INSERT INTO "cars_data" VALUES(138,'26',4,122.0,'80',2451,16.5,1974);
INSERT INTO "cars_data" VALUES(139,'32',4,71.0,'65',1836,21.0,1974);
INSERT INTO "cars_data" VALUES(140,'25',4,140.0,'75',2542,17.0,1974);
INSERT INTO "cars_data" VALUES(141,'16',6,250.0,'100',3781,17.0,1974);
INSERT INTO "cars_data" VALUES(142,'16',6,258.0,'110',3632,18.0,1974);
INSERT INTO "cars_data" VALUES(143,'18',6,225.0,'105',3613,16.5,1974);
INSERT INTO "cars_data" VALUES(144,'16',8,302.0,'140',4141,14.0,1974);
INSERT INTO "cars_data" VALUES(145,'13',8,350.0,'150',4699,14.5,1974);
INSERT INTO "cars_data" VALUES(146,'14',8,318.0,'150',4457,13.5,1974);
INSERT INTO "cars_data" VALUES(147,'14',8,302.0,'140',4638,16.0,1974);
INSERT INTO "cars_data" VALUES(148,'14',8,304.0,'150',4257,15.5,1974);
INSERT INTO "cars_data" VALUES(149,'29',4,98.0,'83',2219,16.5,1974);
INSERT INTO "cars_data" VALUES(150,'26',4,79.0,'67',1963,15.5,1974);
INSERT INTO "cars_data" VALUES(151,'26',4,97.0,'78',2300,14.5,1974);
INSERT INTO "cars_data" VALUES(152,'31',4,76.0,'52',1649,16.5,1974);
INSERT INTO "cars_data" VALUES(153,'32',4,83.0,'61',2003,19.0,1974);
INSERT INTO "cars_data" VALUES(154,'28',4,90.0,'75',2125,14.5,1974);
INSERT INTO "cars_data" VALUES(155,'24',4,90.0,'75',2108,15.5,1974);
INSERT INTO "cars_data" VALUES(156,'26',4,116.0,'75',2246,14.0,1974);
INSERT INTO "cars_data" VALUES(157,'24',4,120.0,'97',2489,15.0,1974);
INSERT INTO "cars_data" VALUES(158,'26',4,108.0,'93',2391,15.5,1974);
INSERT INTO "cars_data" VALUES(159,'31',4,79.0,'67',2000,16.0,1974);
INSERT INTO "cars_data" VALUES(160,'19',6,225.0,'95',3264,16.0,1975);
INSERT INTO "cars_data" VALUES(161,'18',6,250.0,'105',3459,16.0,1975);
INSERT INTO "cars_data" VALUES(162,'15',6,250.0,'72',3432,21.0,1975);
INSERT INTO "cars_data" VALUES(163,'15',6,250.0,'72',3158,19.5,1975);
INSERT INTO "cars_data" VALUES(164,'16',8,400.0,'170',4668,11.5,1975);
INSERT INTO "cars_data" VALUES(165,'15',8,350.0,'145',4440,14.0,1975);
INSERT INTO "cars_data" VALUES(166,'16',8,318.0,'150',4498,14.5,1975);
INSERT INTO "cars_data" VALUES(167,'14',8,351.0,'148',4657,13.5,1975);
INSERT INTO "cars_data" VALUES(168,'17',6,231.0,'110',3907,21.0,1975);
INSERT INTO "cars_data" VALUES(169,'16',6,250.0,'105',3897,18.5,1975);
INSERT INTO "cars_data" VALUES(170,'15',6,258.0,'110',3730,19.0,1975);
INSERT INTO "cars_data" VALUES(171,'18',6,225.0,'95',3785,19.0,1975);
INSERT INTO "cars_data" VALUES(172,'21',6,231.0,'110',3039,15.0,1975);
INSERT INTO "cars_data" VALUES(173,'20',8,262.0,'110',3221,13.5,1975);
INSERT INTO "cars_data" VALUES(174,'13',8,302.0,'129',3169,12.0,1975);
INSERT INTO "cars_data" VALUES(175,'29',4,97.0,'75',2171,16.0,1975);
INSERT INTO "cars_data" VALUES(176,'23',4,140.0,'83',2639,17.0,1975);
INSERT INTO "cars_data" VALUES(177,'20',6,232.0,'100',2914,16.0,1975);
INSERT INTO "cars_data" VALUES(178,'23',4,140.0,'78',2592,18.5,1975);
INSERT INTO "cars_data" VALUES(179,'24',4,134.0,'96',2702,13.5,1975);
INSERT INTO "cars_data" VALUES(180,'25',4,90.0,'71',2223,16.5,1975);
INSERT INTO "cars_data" VALUES(181,'24',4,119.0,'97',2545,17.0,1975);
INSERT INTO "cars_data" VALUES(182,'18',6,171.0,'97',2984,14.5,1975);
INSERT INTO "cars_data" VALUES(183,'29',4,90.0,'70',1937,14.0,1975);
INSERT INTO "cars_data" VALUES(184,'19',6,232.0,'90',3211,17.0,1975);
INSERT INTO "cars_data" VALUES(185,'23',4,115.0,'95',2694,15.0,1975);
INSERT INTO "cars_data" VALUES(186,'23',4,120.0,'88',2957,17.0,1975);
INSERT INTO "cars_data" VALUES(187,'22',4,121.0,'98',2945,14.5,1975);
INSERT INTO "cars_data" VALUES(188,'25',4,121.0,'115',2671,13.5,1975);
INSERT INTO "cars_data" VALUES(189,'33',4,91.0,'53',1795,17.5,1975);
INSERT INTO "cars_data" VALUES(190,'28',4,107.0,'86',2464,15.5,1976);
INSERT INTO "cars_data" VALUES(191,'25',4,116.0,'81',2220,16.9,1976);
INSERT INTO "cars_data" VALUES(192,'25',4,140.0,'92',2572,14.9,1976);
INSERT INTO "cars_data" VALUES(193,'26',4,98.0,'79',2255,17.7,1976);
INSERT INTO "cars_data" VALUES(194,'27',4,101.0,'83',2202,15.3,1976);
INSERT INTO "cars_data" VALUES(195,'17.5',8,305.0,'140',4215,13.0,1976);
INSERT INTO "cars_data" VALUES(196,'16',8,318.0,'150',4190,13.0,1976);
INSERT INTO "cars_data" VALUES(197,'15.5',8,304.0,'120',3962,13.9,1976);
INSERT INTO "cars_data" VALUES(198,'14.5',8,351.0,'152',4215,12.8,1976);
INSERT INTO "cars_data" VALUES(199,'22',6,225.0,'100',3233,15.4,1976);
INSERT INTO "cars_data" VALUES(200,'22',6,250.0,'105',3353,14.5,1976);
INSERT INTO "cars_data" VALUES(201,'24',6,200.0,'81',3012,17.6,1976);
INSERT INTO "cars_data" VALUES(202,'22.5',6,232.0,'90',3085,17.6,1976);
INSERT INTO "cars_data" VALUES(203,'29',4,85.0,'52',2035,22.2,1976);
INSERT INTO "cars_data" VALUES(204,'24.5',4,98.0,'60',2164,22.1,1976);
INSERT INTO "cars_data" VALUES(205,'29',4,90.0,'70',1937,14.2,1976);
INSERT INTO "cars_data" VALUES(206,'33',4,91.0,'53',1795,17.4,1976);
INSERT INTO "cars_data" VALUES(207,'20',6,225.0,'100',3651,17.7,1976);
INSERT INTO "cars_data" VALUES(208,'18',6,250.0,'78',3574,21.0,1976);
INSERT INTO "cars_data" VALUES(209,'18.5',6,250.0,'110',3645,16.2,1976);
INSERT INTO "cars_data" VALUES(210,'17.5',6,258.0,'95',3193,17.8,1976);
INSERT INTO "cars_data" VALUES(211,'29.5',4,97.0,'71',1825,12.2,1976);
INSERT INTO "cars_data" VALUES(212,'32',4,85.0,'70',1990,17.0,1976);
INSERT INTO "cars_data" VALUES(213,'28',4,97.0,'75',2155,16.4,1976);
INSERT INTO "cars_data" VALUES(214,'26.5',4,140.0,'72',2565,13.6,1976);
INSERT INTO "cars_data" VALUES(215,'20',4,130.0,'102',3150,15.7,1976);
INSERT INTO "cars_data" VALUES(216,'13',8,318.0,'150',3940,13.2,1976);
INSERT INTO "cars_data" VALUES(217,'19',4,120.0,'88',3270,21.9,1976);
INSERT INTO "cars_data" VALUES(218,'19',6,156.0,'108',2930,15.5,1976);
INSERT INTO "cars_data" VALUES(219,'16.5',6,168.0,'120',3820,16.7,1976);
INSERT INTO "cars_data" VALUES(220,'16.5',8,350.0,'180',4380,12.1,1976);
INSERT INTO "cars_data" VALUES(221,'13',8,350.0,'145',4055,12.0,1976);
INSERT INTO "cars_data" VALUES(222,'13',8,302.0,'130',3870,15.0,1976);
INSERT INTO "cars_data" VALUES(223,'13',8,318.0,'150',3755,14.0,1976);
INSERT INTO "cars_data" VALUES(224,'31.5',4,98.0,'68',2045,18.5,1977);
INSERT INTO "cars_data" VALUES(225,'30',4,111.0,'80',2155,14.8,1977);
INSERT INTO "cars_data" VALUES(226,'36',4,79.0,'58',1825,18.6,1977);
INSERT INTO "cars_data" VALUES(227,'25.5',4,122.0,'96',2300,15.5,1977);
INSERT INTO "cars_data" VALUES(228,'33.5',4,85.0,'70',1945,16.8,1977);
INSERT INTO "cars_data" VALUES(229,'17.5',8,305.0,'145',3880,12.5,1977);
INSERT INTO "cars_data" VALUES(230,'17',8,260.0,'110',4060,19.0,1977);
INSERT INTO "cars_data" VALUES(231,'15.5',8,318.0,'145',4140,13.7,1977);
INSERT INTO "cars_data" VALUES(232,'15',8,302.0,'130',4295,14.9,1977);
INSERT INTO "cars_data" VALUES(233,'17.5',6,250.0,'110',3520,16.4,1977);
INSERT INTO "cars_data" VALUES(234,'20.5',6,231.0,'105',3425,16.9,1977);
INSERT INTO "cars_data" VALUES(235,'19',6,225.0,'100',3630,17.7,1977);
INSERT INTO "cars_data" VALUES(236,'18.5',6,250.0,'98',3525,19.0,1977);
INSERT INTO "cars_data" VALUES(237,'16',8,400.0,'180',4220,11.1,1977);
INSERT INTO "cars_data" VALUES(238,'15.5',8,350.0,'170',4165,11.4,1977);
INSERT INTO "cars_data" VALUES(239,'15.5',8,400.0,'190',4325,12.2,1977);
INSERT INTO "cars_data" VALUES(240,'16',8,351.0,'149',4335,14.5,1977);
INSERT INTO "cars_data" VALUES(241,'29',4,97.0,'78',1940,14.5,1977);
INSERT INTO "cars_data" VALUES(242,'24.5',4,151.0,'88',2740,16.0,1977);
INSERT INTO "cars_data" VALUES(243,'26',4,97.0,'75',2265,18.2,1977);
INSERT INTO "cars_data" VALUES(244,'25.5',4,140.0,'89',2755,15.8,1977);
INSERT INTO "cars_data" VALUES(245,'30.5',4,98.0,'63',2051,17.0,1977);
INSERT INTO "cars_data" VALUES(246,'33.5',4,98.0,'83',2075,15.9,1977);
INSERT INTO "cars_data" VALUES(247,'30',4,97.0,'67',1985,16.4,1977);
INSERT INTO "cars_data" VALUES(248,'30.5',4,97.0,'78',2190,14.1,1977);
INSERT INTO "cars_data" VALUES(249,'22',6,146.0,'97',2815,14.5,1977);
INSERT INTO "cars_data" VALUES(250,'21.5',4,121.0,'110',2600,12.8,1977);
INSERT INTO "cars_data" VALUES(251,'21.5',3,80.0,'110',2720,13.5,1977);
INSERT INTO "cars_data" VALUES(252,'43.1',4,90.0,'48',1985,21.5,1978);
INSERT INTO "cars_data" VALUES(253,'36.1',4,98.0,'66',1800,14.4,1978);
INSERT INTO "cars_data" VALUES(254,'32.8',4,78.0,'52',1985,19.4,1978);
INSERT INTO "cars_data" VALUES(255,'39.4',4,85.0,'70',2070,18.6,1978);
INSERT INTO "cars_data" VALUES(256,'36.1',4,91.0,'60',1800,16.4,1978);
INSERT INTO "cars_data" VALUES(257,'19.9',8,260.0,'110',3365,15.5,1978);
INSERT INTO "cars_data" VALUES(258,'19.4',8,318.0,'140',3735,13.2,1978);
INSERT INTO "cars_data" VALUES(259,'20.2',8,302.0,'139',3570,12.8,1978);
INSERT INTO "cars_data" VALUES(260,'19.2',6,231.0,'105',3535,19.2,1978);
INSERT INTO "cars_data" VALUES(261,'20.5',6,200.0,'95',3155,18.2,1978);
INSERT INTO "cars_data" VALUES(262,'20.2',6,200.0,'85',2965,15.8,1978);
INSERT INTO "cars_data" VALUES(263,'25.1',4,140.0,'88',2720,15.4,1978);
INSERT INTO "cars_data" VALUES(264,'20.5',6,225.0,'100',3430,17.2,1978);
INSERT INTO "cars_data" VALUES(265,'19.4',6,232.0,'90',3210,17.2,1978);
INSERT INTO "cars_data" VALUES(266,'20.6',6,231.0,'105',3380,15.8,1978);
INSERT INTO "cars_data" VALUES(267,'20.8',6,200.0,'85',3070,16.7,1978);
INSERT INTO "cars_data" VALUES(268,'18.6',6,225.0,'110',3620,18.7,1978);
INSERT INTO "cars_data" VALUES(269,'18.1',6,258.0,'120',3410,15.1,1978);
INSERT INTO "cars_data" VALUES(270,'19.2',8,305.0,'145',3425,13.2,1978);
INSERT INTO "cars_data" VALUES(271,'17.7',6,231.0,'165',3445,13.4,1978);
INSERT INTO "cars_data" VALUES(272,'18.1',8,302.0,'139',3205,11.2,1978);
INSERT INTO "cars_data" VALUES(273,'17.5',8,318.0,'140',4080,13.7,1978);
INSERT INTO "cars_data" VALUES(274,'30',4,98.0,'68',2155,16.5,1978);
INSERT INTO "cars_data" VALUES(275,'27.5',4,134.0,'95',2560,14.2,1978);
INSERT INTO "cars_data" VALUES(276,'27.2',4,119.0,'97',2300,14.7,1978);
INSERT INTO "cars_data" VALUES(277,'30.9',4,105.0,'75',2230,14.5,1978);
INSERT INTO "cars_data" VALUES(278,'21.1',4,134.0,'95',2515,14.8,1978);
INSERT INTO "cars_data" VALUES(279,'23.2',4,156.0,'105',2745,16.7,1978);
INSERT INTO "cars_data" VALUES(280,'23.8',4,151.0,'85',2855,17.6,1978);
INSERT INTO "cars_data" VALUES(281,'23.9',4,119.0,'97',2405,14.9,1978);
INSERT INTO "cars_data" VALUES(282,'20.3',5,131.0,'103',2830,15.9,1978);
INSERT INTO "cars_data" VALUES(283,'17',6,163.0,'125',3140,13.6,1978);
INSERT INTO "cars_data" VALUES(284,'21.6',4,121.0,'115',2795,15.7,1978);
INSERT INTO "cars_data" VALUES(285,'16.2',6,163.0,'133',3410,15.8,1978);
INSERT INTO "cars_data" VALUES(286,'31.5',4,89.0,'71',1990,14.9,1978);
INSERT INTO "cars_data" VALUES(287,'29.5',4,98.0,'68',2135,16.6,1978);
INSERT INTO "cars_data" VALUES(288,'21.5',6,231.0,'115',3245,15.4,1979);
INSERT INTO "cars_data" VALUES(289,'19.8',6,200.0,'85',2990,18.2,1979);
INSERT INTO "cars_data" VALUES(290,'22.3',4,140.0,'88',2890,17.3,1979);
INSERT INTO "cars_data" VALUES(291,'20.2',6,232.0,'90',3265,18.2,1979);
INSERT INTO "cars_data" VALUES(292,'20.6',6,225.0,'110',3360,16.6,1979);
INSERT INTO "cars_data" VALUES(293,'17',8,305.0,'130',3840,15.4,1979);
INSERT INTO "cars_data" VALUES(294,'17.6',8,302.0,'129',3725,13.4,1979);
INSERT INTO "cars_data" VALUES(295,'16.5',8,351.0,'138',3955,13.2,1979);
INSERT INTO "cars_data" VALUES(296,'18.2',8,318.0,'135',3830,15.2,1979);
INSERT INTO "cars_data" VALUES(297,'16.9',8,350.0,'155',4360,14.9,1979);
INSERT INTO "cars_data" VALUES(298,'15.5',8,351.0,'142',4054,14.3,1979);
INSERT INTO "cars_data" VALUES(299,'19.2',8,267.0,'125',3605,15.0,1979);
INSERT INTO "cars_data" VALUES(300,'18.5',8,360.0,'150',3940,13.0,1979);
INSERT INTO "cars_data" VALUES(301,'31.9',4,89.0,'71',1925,14.0,1979);
INSERT INTO "cars_data" VALUES(302,'34.1',4,86.0,'65',1975,15.2,1979);
INSERT INTO "cars_data" VALUES(303,'35.7',4,98.0,'80',1915,14.4,1979);
INSERT INTO "cars_data" VALUES(304,'27.4',4,121.0,'80',2670,15.0,1979);
INSERT INTO "cars_data" VALUES(305,'25.4',5,183.0,'77',3530,20.1,1979);
INSERT INTO "cars_data" VALUES(306,'23',8,350.0,'125',3900,17.4,1979);
INSERT INTO "cars_data" VALUES(307,'27.2',4,141.0,'71',3190,24.8,1979);
INSERT INTO "cars_data" VALUES(308,'23.9',8,260.0,'90',3420,22.2,1979);
INSERT INTO "cars_data" VALUES(309,'34.2',4,105.0,'70',2200,13.2,1979);
INSERT INTO "cars_data" VALUES(310,'34.5',4,105.0,'70',2150,14.9,1979);
INSERT INTO "cars_data" VALUES(311,'31.8',4,85.0,'65',2020,19.2,1979);
INSERT INTO "cars_data" VALUES(312,'37.3',4,91.0,'69',2130,14.7,1979);
INSERT INTO "cars_data" VALUES(313,'28.4',4,151.0,'90',2670,16.0,1979);
INSERT INTO "cars_data" VALUES(314,'28.8',6,173.0,'115',2595,11.3,1979);
INSERT INTO "cars_data" VALUES(315,'26.8',6,173.0,'115',2700,12.9,1979);
INSERT INTO "cars_data" VALUES(316,'33.5',4,151.0,'90',2556,13.2,1979);
INSERT INTO "cars_data" VALUES(317,'41.5',4,98.0,'76',2144,14.7,1980);
INSERT INTO "cars_data" VALUES(318,'38.1',4,89.0,'60',1968,18.8,1980);
INSERT INTO "cars_data" VALUES(319,'32.1',4,98.0,'70',2120,15.5,1980);
INSERT INTO "cars_data" VALUES(320,'37.2',4,86.0,'65',2019,16.4,1980);
INSERT INTO "cars_data" VALUES(321,'28',4,151.0,'90',2678,16.5,1980);
INSERT INTO "cars_data" VALUES(322,'26.4',4,140.0,'88',2870,18.1,1980);
INSERT INTO "cars_data" VALUES(323,'24.3',4,151.0,'90',3003,20.1,1980);
INSERT INTO "cars_data" VALUES(324,'19.1',6,225.0,'90',3381,18.7,1980);
INSERT INTO "cars_data" VALUES(325,'34.3',4,97.0,'78',2188,15.8,1980);
INSERT INTO "cars_data" VALUES(326,'29.8',4,134.0,'90',2711,15.5,1980);
INSERT INTO "cars_data" VALUES(327,'31.3',4,120.0,'75',2542,17.5,1980);
INSERT INTO "cars_data" VALUES(328,'37',4,119.0,'92',2434,15.0,1980);
INSERT INTO "cars_data" VALUES(329,'32.2',4,108.0,'75',2265,15.2,1980);
INSERT INTO "cars_data" VALUES(330,'46.6',4,86.0,'65',2110,17.9,1980);
INSERT INTO "cars_data" VALUES(331,'27.9',4,156.0,'105',2800,14.4,1980);
INSERT INTO "cars_data" VALUES(332,'40.8',4,85.0,'65',2110,19.2,1980);
INSERT INTO "cars_data" VALUES(333,'44.3',4,90.0,'48',2085,21.7,1980);
INSERT INTO "cars_data" VALUES(334,'43.4',4,90.0,'48',2335,23.7,1980);
INSERT INTO "cars_data" VALUES(335,'36.4',5,121.0,'67',2950,19.9,1980);
INSERT INTO "cars_data" VALUES(336,'30',4,146.0,'67',3250,21.8,1980);
INSERT INTO "cars_data" VALUES(337,'44.6',4,91.0,'67',1850,13.8,1980);
INSERT INTO "cars_data" VALUES(338,'40.9',4,85.0,'null',1835,17.3,1980);
INSERT INTO "cars_data" VALUES(339,'33.8',4,97.0,'67',2145,18.0,1980);
INSERT INTO "cars_data" VALUES(340,'29.8',4,89.0,'62',1845,15.3,1980);
INSERT INTO "cars_data" VALUES(341,'32.7',6,168.0,'132',2910,11.4,1980);
INSERT INTO "cars_data" VALUES(342,'23.7',3,70.0,'100',2420,12.5,1980);
INSERT INTO "cars_data" VALUES(343,'35',4,122.0,'88',2500,15.1,1980);
INSERT INTO "cars_data" VALUES(344,'23.6',4,140.0,'null',2905,14.3,1980);
INSERT INTO "cars_data" VALUES(345,'32.4',4,107.0,'72',2290,17.0,1980);
INSERT INTO "cars_data" VALUES(346,'27.2',4,135.0,'84',2490,15.7,1981);
INSERT INTO "cars_data" VALUES(347,'26.6',4,151.0,'84',2635,16.4,1981);
INSERT INTO "cars_data" VALUES(348,'25.8',4,156.0,'92',2620,14.4,1981);
INSERT INTO "cars_data" VALUES(349,'23.5',6,173.0,'110',2725,12.6,1981);
INSERT INTO "cars_data" VALUES(350,'30',4,135.0,'84',2385,12.9,1981);
INSERT INTO "cars_data" VALUES(351,'39.1',4,79.0,'58',1755,16.9,1981);
INSERT INTO "cars_data" VALUES(352,'39',4,86.0,'64',1875,16.4,1981);
INSERT INTO "cars_data" VALUES(353,'35.1',4,81.0,'60',1760,16.1,1981);
INSERT INTO "cars_data" VALUES(354,'32.3',4,97.0,'67',2065,17.8,1981);
INSERT INTO "cars_data" VALUES(355,'37',4,85.0,'65',1975,19.4,1981);
INSERT INTO "cars_data" VALUES(356,'37.7',4,89.0,'62',2050,17.3,1981);
INSERT INTO "cars_data" VALUES(357,'34.1',4,91.0,'68',1985,16.0,1981);
INSERT INTO "cars_data" VALUES(358,'34.7',4,105.0,'63',2215,14.9,1981);
INSERT INTO "cars_data" VALUES(359,'34.4',4,98.0,'65',2045,16.2,1981);
INSERT INTO "cars_data" VALUES(360,'29.9',4,98.0,'65',2380,20.7,1981);
INSERT INTO "cars_data" VALUES(361,'33',4,105.0,'74',2190,14.2,1981);
INSERT INTO "cars_data" VALUES(362,'34.5',4,100.0,'null',2320,15.8,1981);
INSERT INTO "cars_data" VALUES(363,'33.7',4,107.0,'75',2210,14.4,1981);
INSERT INTO "cars_data" VALUES(364,'32.4',4,108.0,'75',2350,16.8,1981);
INSERT INTO "cars_data" VALUES(365,'32.9',4,119.0,'100',2615,14.8,1981);
INSERT INTO "cars_data" VALUES(366,'31.6',4,120.0,'74',2635,18.3,1981);
INSERT INTO "cars_data" VALUES(367,'28.1',4,141.0,'80',3230,20.4,1981);
INSERT INTO "cars_data" VALUES(368,'null',4,121.0,'110',2800,15.4,1981);
INSERT INTO "cars_data" VALUES(369,'30.7',6,145.0,'76',3160,19.6,1981);
INSERT INTO "cars_data" VALUES(370,'25.4',6,168.0,'116',2900,12.6,1981);
INSERT INTO "cars_data" VALUES(371,'24.2',6,146.0,'120',2930,13.8,1981);
INSERT INTO "cars_data" VALUES(372,'22.4',6,231.0,'110',3415,15.8,1981);
INSERT INTO "cars_data" VALUES(373,'26.6',8,350.0,'105',3725,19.0,1981);
INSERT INTO "cars_data" VALUES(374,'20.2',6,200.0,'88',3060,17.1,1981);
INSERT INTO "cars_data" VALUES(375,'17.6',6,225.0,'85',3465,16.6,1981);
INSERT INTO "cars_data" VALUES(376,'28',4,112.0,'88',2605,19.6,1982);
INSERT INTO "cars_data" VALUES(377,'27',4,112.0,'88',2640,18.6,1982);
INSERT INTO "cars_data" VALUES(378,'34',4,112.0,'88',2395,18.0,1982);
INSERT INTO "cars_data" VALUES(379,'31',4,112.0,'85',2575,16.2,1982);
INSERT INTO "cars_data" VALUES(380,'29',4,135.0,'84',2525,16.0,1982);
INSERT INTO "cars_data" VALUES(381,'27',4,151.0,'90',2735,18.0,1982);
INSERT INTO "cars_data" VALUES(382,'24',4,140.0,'92',2865,16.4,1982);
INSERT INTO "cars_data" VALUES(383,'23',4,151.0,'null',3035,20.5,1982);
INSERT INTO "cars_data" VALUES(384,'36',4,105.0,'74',1980,15.3,1982);
INSERT INTO "cars_data" VALUES(385,'37',4,91.0,'68',2025,18.2,1982);
INSERT INTO "cars_data" VALUES(386,'31',4,91.0,'68',1970,17.6,1982);
INSERT INTO "cars_data" VALUES(387,'38',4,105.0,'63',2125,14.7,1982);
INSERT INTO "cars_data" VALUES(388,'36',4,98.0,'70',2125,17.3,1982);
INSERT INTO "cars_data" VALUES(389,'36',4,120.0,'88',2160,14.5,1982);
INSERT INTO "cars_data" VALUES(390,'36',4,107.0,'75',2205,14.5,1982);
INSERT INTO "cars_data" VALUES(391,'34',4,108.0,'70',2245,16.9,1982);
INSERT INTO "cars_data" VALUES(392,'38',4,91.0,'67',1965,15.0,1982);
INSERT INTO "cars_data" VALUES(393,'32',4,91.0,'67',1965,15.7,1982);
INSERT INTO "cars_data" VALUES(394,'38',4,91.0,'67',1995,16.2,1982);
INSERT INTO "cars_data" VALUES(395,'25',6,181.0,'110',2945,16.4,1982);
INSERT INTO "cars_data" VALUES(396,'38',6,262.0,'85',3015,17.0,1982);
INSERT INTO "cars_data" VALUES(397,'26',4,156.0,'92',2585,14.5,1982);
INSERT INTO "cars_data" VALUES(398,'22',6,232.0,'112',2835,14.7,1982);
INSERT INTO "cars_data" VALUES(399,'32',4,144.0,'96',2665,13.9,1982);
INSERT INTO "cars_data" VALUES(400,'36',4,135.0,'84',2370,13.0,1982);
INSERT INTO "cars_data" VALUES(401,'27',4,151.0,'90',2950,17.3,1982);
INSERT INTO "cars_data" VALUES(402,'27',4,140.0,'86',2790,15.6,1982);
INSERT INTO "cars_data" VALUES(403,'44',4,97.0,'52',2130,24.6,1982);
INSERT INTO "cars_data" VALUES(404,'32',4,135.0,'84',2295,11.6,1982);
INSERT INTO "cars_data" VALUES(405,'28',4,120.0,'79',2625,18.6,1982);
INSERT INTO "cars_data" VALUES(406,'31',4,119.0,'82',2720,19.4,1982);
CREATE TABLE IF NOT EXISTS "continents" ( 
	"ContId" INTEGER PRIMARY KEY, 
	"Continent" TEXT 
);
INSERT INTO "continents" VALUES(1,'america');
INSERT INTO "continents" VALUES(2,'europe');
INSERT INTO "continents" VALUES(3,'asia');
INSERT INTO "continents" VALUES(4,'africa');
INSERT INTO "continents" VALUES(5,'australia');
CREATE TABLE IF NOT EXISTS "countries" (
	"CountryId" INTEGER PRIMARY KEY, 
	"CountryName" TEXT, 
	"Continent" INTEGER,
	FOREIGN KEY (Continent) REFERENCES continents(ContId)
);
INSERT INTO "countries" VALUES(1,'usa',1);
INSERT INTO "countries" VALUES(2,'germany',2);
INSERT INTO "countries" VALUES(3,'france',2);
INSERT INTO "countries" VALUES(4,'japan',3);
INSERT INTO "countries" VALUES(5,'italy',2);
INSERT INTO "countries" VALUES(6,'sweden',2);
INSERT INTO "countries" VALUES(7,'uk',2);
INSERT INTO "countries" VALUES(8,'korea',3);
INSERT INTO "countries" VALUES(9,'russia',2);
INSERT INTO "countries" VALUES(10,'nigeria',4);
INSERT INTO "countries" VALUES(11,'australia',5);
INSERT INTO "countries" VALUES(12,'new zealand',5);
INSERT INTO "countries" VALUES(13,'egypt',4);
INSERT INTO "countries" VALUES(14,'mexico',1);
INSERT INTO "countries" VALUES(15,'brazil',1);
CREATE TABLE IF NOT EXISTS "model_list" ( 
	"ModelId" INTEGER PRIMARY KEY, 
	"Maker" INTEGER, 
	"Model" TEXT UNIQUE,
	FOREIGN KEY (Maker) REFERENCES car_makers (Id)

);
INSERT INTO "model_list" VALUES(1,1,'amc');
INSERT INTO "model_list" VALUES(2,2,'audi');
INSERT INTO "model_list" VALUES(3,3,'bmw');
INSERT INTO "model_list" VALUES(4,4,'buick');
INSERT INTO "model_list" VALUES(5,4,'cadillac');
INSERT INTO "model_list" VALUES(6,5,'capri');
INSERT INTO "model_list" VALUES(7,4,'chevrolet');
INSERT INTO "model_list" VALUES(8,6,'chrysler');
INSERT INTO "model_list" VALUES(9,7,'citroen');
INSERT INTO "model_list" VALUES(10,8,'datsun');
INSERT INTO "model_list" VALUES(11,6,'dodge');
INSERT INTO "model_list" VALUES(12,9,'fiat');
INSERT INTO "model_list" VALUES(13,5,'ford');
INSERT INTO "model_list" VALUES(14,10,'hi');
INSERT INTO "model_list" VALUES(15,11,'honda');
INSERT INTO "model_list" VALUES(16,12,'mazda');
INSERT INTO "model_list" VALUES(17,13,'mercedes');
INSERT INTO "model_list" VALUES(18,13,'mercedes-benz');
INSERT INTO "model_list" VALUES(19,5,'mercury');
INSERT INTO "model_list" VALUES(20,8,'nissan');
INSERT INTO "model_list" VALUES(21,4,'oldsmobile');
INSERT INTO "model_list" VALUES(22,14,'opel');
INSERT INTO "model_list" VALUES(23,15,'peugeot');
INSERT INTO "model_list" VALUES(24,6,'plymouth');
INSERT INTO "model_list" VALUES(25,4,'pontiac');
INSERT INTO "model_list" VALUES(26,16,'renault');
INSERT INTO "model_list" VALUES(27,17,'saab');
INSERT INTO "model_list" VALUES(28,18,'subaru');
INSERT INTO "model_list" VALUES(29,19,'toyota');
INSERT INTO "model_list" VALUES(30,20,'triumph');
INSERT INTO "model_list" VALUES(31,2,'volkswagen');
INSERT INTO "model_list" VALUES(32,21,'volvo');
INSERT INTO "model_list" VALUES(33,22,'kia');
INSERT INTO "model_list" VALUES(34,23,'hyundai');
INSERT INTO "model_list" VALUES(35,6,'jeep');
INSERT INTO "model_list" VALUES(36,19,'scion');
COMMIT;
