BEGIN TRANSACTION;
CREATE TABLE IF NOT EXISTS "Campuses" (
	"Id" INTEGER PRIMARY KEY, 
	"Campus" TEXT, 
	"Location" TEXT, 
	"County" TEXT, 
	"Year" INTEGER 
);
INSERT INTO "Campuses" VALUES(1,'California State University-Bakersfield','Bakersfield','Kern',1965);
INSERT INTO "Campuses" VALUES(2,'California State University-Channel Islands','Camarillo','Ventura',2002);
INSERT INTO "Campuses" VALUES(3,'California State University-Chico','Chico','Butte',1887);
INSERT INTO "Campuses" VALUES(4,'California State University-Dominguez Hills','Carson','Los Angeles',1960);
INSERT INTO "Campuses" VALUES(5,'California State University-East Bay','Hayward','Alameida',1957);
INSERT INTO "Campuses" VALUES(6,'Fresno State University','Fresno','Fresno',1911);
INSERT INTO "Campuses" VALUES(7,'California State University-Fullerton','Fullerton','Orange',1957);
INSERT INTO "Campuses" VALUES(8,'Humboldt State University','Arcata','Humboldt',1913);
INSERT INTO "Campuses" VALUES(9,'Long Beach State University','Long Beach','Los Angeles',1949);
INSERT INTO "Campuses" VALUES(10,'California State University-Los Angeles','Los Angeles','Los Angeles',1947);
INSERT INTO "Campuses" VALUES(11,'California  Maritime Academy','Vallejo','Solano',1929);
INSERT INTO "Campuses" VALUES(12,'California State University-Monterey Bay','Seaside','Monterey',1994);
INSERT INTO "Campuses" VALUES(13,'California State University-Northridge','Northridge','Los Angeles',1958);
INSERT INTO "Campuses" VALUES(14,'California State Polytechnic University-Pomona','Pomona','Los Angeles',1938);
INSERT INTO "Campuses" VALUES(15,'California State University-Sacramento','Sacramento','Sacramento',1947);
INSERT INTO "Campuses" VALUES(16,'California State University-San Bernardino','San Bernardino','San Bernardino',1960);
INSERT INTO "Campuses" VALUES(17,'San Diego State University','San Diego','San Diego',1897);
INSERT INTO "Campuses" VALUES(18,'San Francisco State University','San Francisco','San Francisco',1899);
INSERT INTO "Campuses" VALUES(19,'San Jose State University','San Jose','Santa Clara',1857);
INSERT INTO "Campuses" VALUES(20,'California Polytechnic State University-San Luis Obispo','San Luis Obispo','San Luis Obispo',1901);
INSERT INTO "Campuses" VALUES(21,'California State University-San Marcos','San Marcos','San Diego',1989);
INSERT INTO "Campuses" VALUES(22,'Sonoma State University','Rohnert Park','Sonoma',1960);
INSERT INTO "Campuses" VALUES(23,'California State University-Stanislaus','Turlock','Stanislaus',1957);
CREATE TABLE IF NOT EXISTS "csu_fees" ( 
	"Campus" INTEGER PRIMARY KEY, 
	"Year" INTEGER, 
	"CampusFee" INTEGER,
	FOREIGN KEY (Campus) REFERENCES Campuses(Id)
);
INSERT INTO "csu_fees" VALUES(1,1996,1951);
INSERT INTO "csu_fees" VALUES(2,2003,1868);
INSERT INTO "csu_fees" VALUES(3,1996,2042);
INSERT INTO "csu_fees" VALUES(4,1996,1816);
INSERT INTO "csu_fees" VALUES(5,1996,1818);
INSERT INTO "csu_fees" VALUES(6,1996,1916);
INSERT INTO "csu_fees" VALUES(7,1996,1797);
INSERT INTO "csu_fees" VALUES(8,1996,1884);
INSERT INTO "csu_fees" VALUES(9,1996,1824);
INSERT INTO "csu_fees" VALUES(10,1996,1751);
INSERT INTO "csu_fees" VALUES(11,1996,2258);
INSERT INTO "csu_fees" VALUES(12,1996,2009);
INSERT INTO "csu_fees" VALUES(13,1996,1970);
INSERT INTO "csu_fees" VALUES(14,1996,1903);
INSERT INTO "csu_fees" VALUES(15,1996,1950);
INSERT INTO "csu_fees" VALUES(16,1996,1875);
INSERT INTO "csu_fees" VALUES(17,1996,1902);
INSERT INTO "csu_fees" VALUES(18,1996,1978);
INSERT INTO "csu_fees" VALUES(19,1996,2001);
INSERT INTO "csu_fees" VALUES(20,1996,2204);
INSERT INTO "csu_fees" VALUES(21,1996,1720);
INSERT INTO "csu_fees" VALUES(22,1996,2110);
INSERT INTO "csu_fees" VALUES(23,1996,1915);
CREATE TABLE IF NOT EXISTS "degrees" ( 
	"Year" INTEGER,
	"Campus" INTEGER, 
	"Degrees" INTEGER,
	PRIMARY KEY (Year, Campus),
	FOREIGN KEY (Campus) REFERENCES Campuses(Id)
);
INSERT INTO "degrees" VALUES(1990,1,701);
INSERT INTO "degrees" VALUES(1991,1,681);
INSERT INTO "degrees" VALUES(1992,1,791);
INSERT INTO "degrees" VALUES(1993,1,801);
INSERT INTO "degrees" VALUES(1994,1,849);
INSERT INTO "degrees" VALUES(1995,1,818);
INSERT INTO "degrees" VALUES(1996,1,804);
INSERT INTO "degrees" VALUES(1997,1,928);
INSERT INTO "degrees" VALUES(1998,1,816);
INSERT INTO "degrees" VALUES(1999,1,959);
INSERT INTO "degrees" VALUES(2000,1,955);
INSERT INTO "degrees" VALUES(2001,1,1086);
INSERT INTO "degrees" VALUES(2002,1,1151);
INSERT INTO "degrees" VALUES(2003,1,1193);
INSERT INTO "degrees" VALUES(2004,1,1243);
INSERT INTO "degrees" VALUES(2002,2,2);
INSERT INTO "degrees" VALUES(2003,2,142);
INSERT INTO "degrees" VALUES(2004,2,346);
INSERT INTO "degrees" VALUES(1990,3,2880);
INSERT INTO "degrees" VALUES(1991,3,3036);
INSERT INTO "degrees" VALUES(1992,3,3026);
INSERT INTO "degrees" VALUES(1993,3,3008);
INSERT INTO "degrees" VALUES(1994,3,2852);
INSERT INTO "degrees" VALUES(1995,3,2678);
INSERT INTO "degrees" VALUES(1996,3,2636);
INSERT INTO "degrees" VALUES(1997,3,2453);
INSERT INTO "degrees" VALUES(1998,3,2677);
INSERT INTO "degrees" VALUES(1999,3,2401);
INSERT INTO "degrees" VALUES(2000,3,2696);
INSERT INTO "degrees" VALUES(2001,3,2943);
INSERT INTO "degrees" VALUES(2002,3,3045);
INSERT INTO "degrees" VALUES(2003,3,3128);
INSERT INTO "degrees" VALUES(2004,3,2724);
INSERT INTO "degrees" VALUES(1990,4,1128);
INSERT INTO "degrees" VALUES(1991,4,1218);
INSERT INTO "degrees" VALUES(1992,4,1471);
INSERT INTO "degrees" VALUES(1993,4,1598);
INSERT INTO "degrees" VALUES(1994,4,1744);
INSERT INTO "degrees" VALUES(1995,4,1693);
INSERT INTO "degrees" VALUES(1996,4,1728);
INSERT INTO "degrees" VALUES(1997,4,1735);
INSERT INTO "degrees" VALUES(1998,4,1806);
INSERT INTO "degrees" VALUES(1999,4,1651);
INSERT INTO "degrees" VALUES(2000,4,1703);
INSERT INTO "degrees" VALUES(2001,4,1746);
INSERT INTO "degrees" VALUES(2002,4,1775);
INSERT INTO "degrees" VALUES(2003,4,1849);
INSERT INTO "degrees" VALUES(2004,4,1716);
INSERT INTO "degrees" VALUES(1990,5,2025);
INSERT INTO "degrees" VALUES(1991,5,1960);
INSERT INTO "degrees" VALUES(1992,5,1976);
INSERT INTO "degrees" VALUES(1993,5,2193);
INSERT INTO "degrees" VALUES(1994,5,2347);
INSERT INTO "degrees" VALUES(1995,5,2257);
INSERT INTO "degrees" VALUES(1996,5,2243);
INSERT INTO "degrees" VALUES(1997,5,2245);
INSERT INTO "degrees" VALUES(1998,5,2201);
INSERT INTO "degrees" VALUES(1999,5,2277);
INSERT INTO "degrees" VALUES(2000,5,2257);
INSERT INTO "degrees" VALUES(2001,5,2450);
INSERT INTO "degrees" VALUES(2002,5,2437);
INSERT INTO "degrees" VALUES(2003,5,2396);
INSERT INTO "degrees" VALUES(2004,5,2419);
INSERT INTO "degrees" VALUES(1990,6,2976);
INSERT INTO "degrees" VALUES(1991,6,3083);
INSERT INTO "degrees" VALUES(1992,6,3137);
INSERT INTO "degrees" VALUES(1993,6,3090);
INSERT INTO "degrees" VALUES(1994,6,2985);
INSERT INTO "degrees" VALUES(1995,6,3042);
INSERT INTO "degrees" VALUES(1996,6,2992);
INSERT INTO "degrees" VALUES(1997,6,2902);
INSERT INTO "degrees" VALUES(1998,6,2725);
INSERT INTO "degrees" VALUES(1999,6,2833);
INSERT INTO "degrees" VALUES(2000,6,2858);
INSERT INTO "degrees" VALUES(2001,6,2909);
INSERT INTO "degrees" VALUES(2002,6,2735);
INSERT INTO "degrees" VALUES(2003,6,2922);
INSERT INTO "degrees" VALUES(2004,6,3069);
INSERT INTO "degrees" VALUES(1990,7,3990);
INSERT INTO "degrees" VALUES(1991,7,4188);
INSERT INTO "degrees" VALUES(1992,7,4289);
INSERT INTO "degrees" VALUES(1993,7,4193);
INSERT INTO "degrees" VALUES(1994,7,3963);
INSERT INTO "degrees" VALUES(1995,7,3936);
INSERT INTO "degrees" VALUES(1996,7,4027);
INSERT INTO "degrees" VALUES(1997,7,4312);
INSERT INTO "degrees" VALUES(1998,7,4121);
INSERT INTO "degrees" VALUES(1999,7,4522);
INSERT INTO "degrees" VALUES(2000,7,4517);
INSERT INTO "degrees" VALUES(2001,7,5239);
INSERT INTO "degrees" VALUES(2002,7,5058);
INSERT INTO "degrees" VALUES(2003,7,5636);
INSERT INTO "degrees" VALUES(2004,7,5761);
INSERT INTO "degrees" VALUES(1990,8,961);
INSERT INTO "degrees" VALUES(1991,8,1140);
INSERT INTO "degrees" VALUES(1992,8,1176);
INSERT INTO "degrees" VALUES(1993,8,1347);
INSERT INTO "degrees" VALUES(1994,8,1311);
INSERT INTO "degrees" VALUES(1995,8,1321);
INSERT INTO "degrees" VALUES(1996,8,1389);
INSERT INTO "degrees" VALUES(1997,8,1386);
INSERT INTO "degrees" VALUES(1998,8,1380);
INSERT INTO "degrees" VALUES(1999,8,1374);
INSERT INTO "degrees" VALUES(2000,8,1398);
INSERT INTO "degrees" VALUES(2001,8,1456);
INSERT INTO "degrees" VALUES(2002,8,1355);
INSERT INTO "degrees" VALUES(2003,8,1376);
INSERT INTO "degrees" VALUES(2004,8,1396);
INSERT INTO "degrees" VALUES(1990,9,4273);
INSERT INTO "degrees" VALUES(1991,9,4674);
INSERT INTO "degrees" VALUES(1992,9,4607);
INSERT INTO "degrees" VALUES(1993,9,4593);
INSERT INTO "degrees" VALUES(1994,9,4232);
INSERT INTO "degrees" VALUES(1995,9,4228);
INSERT INTO "degrees" VALUES(1996,9,3980);
INSERT INTO "degrees" VALUES(1997,9,3874);
INSERT INTO "degrees" VALUES(1998,9,4078);
INSERT INTO "degrees" VALUES(1999,9,4158);
INSERT INTO "degrees" VALUES(2000,9,4352);
INSERT INTO "degrees" VALUES(2001,9,4859);
INSERT INTO "degrees" VALUES(2002,9,5055);
INSERT INTO "degrees" VALUES(2003,9,5194);
INSERT INTO "degrees" VALUES(2004,9,5790);
INSERT INTO "degrees" VALUES(1990,10,1670);
INSERT INTO "degrees" VALUES(1991,10,1985);
INSERT INTO "degrees" VALUES(1992,10,2718);
INSERT INTO "degrees" VALUES(1993,10,2272);
INSERT INTO "degrees" VALUES(1994,10,2391);
INSERT INTO "degrees" VALUES(1995,10,2483);
INSERT INTO "degrees" VALUES(1996,10,2373);
INSERT INTO "degrees" VALUES(1997,10,2368);
INSERT INTO "degrees" VALUES(1998,10,2408);
INSERT INTO "degrees" VALUES(1999,10,2500);
INSERT INTO "degrees" VALUES(2000,10,2489);
INSERT INTO "degrees" VALUES(2001,10,2871);
INSERT INTO "degrees" VALUES(2002,10,2764);
INSERT INTO "degrees" VALUES(2003,10,2638);
INSERT INTO "degrees" VALUES(2004,10,2220);
INSERT INTO "degrees" VALUES(1996,11,74);
INSERT INTO "degrees" VALUES(1997,11,68);
INSERT INTO "degrees" VALUES(1998,11,53);
INSERT INTO "degrees" VALUES(1999,11,69);
INSERT INTO "degrees" VALUES(2000,11,88);
INSERT INTO "degrees" VALUES(2001,11,91);
INSERT INTO "degrees" VALUES(2002,11,104);
INSERT INTO "degrees" VALUES(2003,11,118);
INSERT INTO "degrees" VALUES(2004,11,114);
INSERT INTO "degrees" VALUES(1996,12,68);
INSERT INTO "degrees" VALUES(1997,12,147);
INSERT INTO "degrees" VALUES(1998,12,229);
INSERT INTO "degrees" VALUES(1999,12,232);
INSERT INTO "degrees" VALUES(2000,12,366);
INSERT INTO "degrees" VALUES(2001,12,366);
INSERT INTO "degrees" VALUES(2002,12,433);
INSERT INTO "degrees" VALUES(2003,12,490);
INSERT INTO "degrees" VALUES(2004,12,598);
INSERT INTO "degrees" VALUES(1990,13,4024);
INSERT INTO "degrees" VALUES(1991,13,4095);
INSERT INTO "degrees" VALUES(1992,13,4216);
INSERT INTO "degrees" VALUES(1993,13,4219);
INSERT INTO "degrees" VALUES(1994,13,3961);
INSERT INTO "degrees" VALUES(1995,13,3802);
INSERT INTO "degrees" VALUES(1996,13,3561);
INSERT INTO "degrees" VALUES(1997,13,3783);
INSERT INTO "degrees" VALUES(1998,13,3936);
INSERT INTO "degrees" VALUES(1999,13,3921);
INSERT INTO "degrees" VALUES(2000,13,4387);
INSERT INTO "degrees" VALUES(2001,13,4824);
INSERT INTO "degrees" VALUES(2002,13,5073);
INSERT INTO "degrees" VALUES(2003,13,4944);
INSERT INTO "degrees" VALUES(2004,13,5488);
INSERT INTO "degrees" VALUES(1990,14,2861);
INSERT INTO "degrees" VALUES(1991,14,2860);
INSERT INTO "degrees" VALUES(1992,14,2719);
INSERT INTO "degrees" VALUES(1993,14,2650);
INSERT INTO "degrees" VALUES(1994,14,2685);
INSERT INTO "degrees" VALUES(1995,14,2578);
INSERT INTO "degrees" VALUES(1996,14,2529);
INSERT INTO "degrees" VALUES(1997,14,2767);
INSERT INTO "degrees" VALUES(1998,14,2402);
INSERT INTO "degrees" VALUES(1999,14,2585);
INSERT INTO "degrees" VALUES(2000,14,2763);
INSERT INTO "degrees" VALUES(2001,14,2808);
INSERT INTO "degrees" VALUES(2002,14,2935);
INSERT INTO "degrees" VALUES(2003,14,3200);
INSERT INTO "degrees" VALUES(2004,14,3207);
INSERT INTO "degrees" VALUES(1990,15,3691);
INSERT INTO "degrees" VALUES(1991,15,4178);
INSERT INTO "degrees" VALUES(1992,15,4291);
INSERT INTO "degrees" VALUES(1993,15,4327);
INSERT INTO "degrees" VALUES(1994,15,4030);
INSERT INTO "degrees" VALUES(1995,15,3537);
INSERT INTO "degrees" VALUES(1996,15,3599);
INSERT INTO "degrees" VALUES(1997,15,3734);
INSERT INTO "degrees" VALUES(1998,15,3894);
INSERT INTO "degrees" VALUES(1999,15,3721);
INSERT INTO "degrees" VALUES(2000,15,4087);
INSERT INTO "degrees" VALUES(2001,15,4230);
INSERT INTO "degrees" VALUES(2002,15,4223);
INSERT INTO "degrees" VALUES(2003,15,4557);
INSERT INTO "degrees" VALUES(2004,15,4659);
INSERT INTO "degrees" VALUES(1990,16,1354);
INSERT INTO "degrees" VALUES(1991,16,1481);
INSERT INTO "degrees" VALUES(1992,16,1712);
INSERT INTO "degrees" VALUES(1993,16,1926);
INSERT INTO "degrees" VALUES(1994,16,1923);
INSERT INTO "degrees" VALUES(1995,16,2007);
INSERT INTO "degrees" VALUES(1996,16,1892);
INSERT INTO "degrees" VALUES(1997,16,1955);
INSERT INTO "degrees" VALUES(1998,16,2079);
INSERT INTO "degrees" VALUES(1999,16,2176);
INSERT INTO "degrees" VALUES(2000,16,2097);
INSERT INTO "degrees" VALUES(2001,16,2276);
INSERT INTO "degrees" VALUES(2002,16,2331);
INSERT INTO "degrees" VALUES(2003,16,2531);
INSERT INTO "degrees" VALUES(2004,16,2684);
INSERT INTO "degrees" VALUES(1990,17,5642);
INSERT INTO "degrees" VALUES(1991,17,5532);
INSERT INTO "degrees" VALUES(1992,17,5392);
INSERT INTO "degrees" VALUES(1993,17,5034);
INSERT INTO "degrees" VALUES(1994,17,4752);
INSERT INTO "degrees" VALUES(1995,17,4644);
INSERT INTO "degrees" VALUES(1996,17,4673);
INSERT INTO "degrees" VALUES(1997,17,4783);
INSERT INTO "degrees" VALUES(1998,17,4928);
INSERT INTO "degrees" VALUES(1999,17,5201);
INSERT INTO "degrees" VALUES(2000,17,5083);
INSERT INTO "degrees" VALUES(2001,17,5390);
INSERT INTO "degrees" VALUES(2002,17,5816);
INSERT INTO "degrees" VALUES(2003,17,6181);
INSERT INTO "degrees" VALUES(2004,17,6325);
INSERT INTO "degrees" VALUES(1990,18,3871);
INSERT INTO "degrees" VALUES(1991,18,4170);
INSERT INTO "degrees" VALUES(1992,18,3879);
INSERT INTO "degrees" VALUES(1993,18,3692);
INSERT INTO "degrees" VALUES(1994,18,3659);
INSERT INTO "degrees" VALUES(1995,18,3917);
INSERT INTO "degrees" VALUES(1996,18,3721);
INSERT INTO "degrees" VALUES(1997,18,3799);
INSERT INTO "degrees" VALUES(1998,18,4240);
INSERT INTO "degrees" VALUES(1999,18,3987);
INSERT INTO "degrees" VALUES(2000,18,4098);
INSERT INTO "degrees" VALUES(2001,18,4469);
INSERT INTO "degrees" VALUES(2002,18,4529);
INSERT INTO "degrees" VALUES(2003,18,4574);
INSERT INTO "degrees" VALUES(2004,18,4865);
INSERT INTO "degrees" VALUES(1990,19,3677);
INSERT INTO "degrees" VALUES(1991,19,4012);
INSERT INTO "degrees" VALUES(1992,19,4364);
INSERT INTO "degrees" VALUES(1993,19,4271);
INSERT INTO "degrees" VALUES(1994,19,3975);
INSERT INTO "degrees" VALUES(1995,19,3816);
INSERT INTO "degrees" VALUES(1996,19,4090);
INSERT INTO "degrees" VALUES(1997,19,4021);
INSERT INTO "degrees" VALUES(1998,19,4099);
INSERT INTO "degrees" VALUES(1999,19,3956);
INSERT INTO "degrees" VALUES(2000,19,3951);
INSERT INTO "degrees" VALUES(2001,19,4072);
INSERT INTO "degrees" VALUES(2002,19,3867);
INSERT INTO "degrees" VALUES(2003,19,3854);
INSERT INTO "degrees" VALUES(2004,19,4259);
INSERT INTO "degrees" VALUES(1990,20,2700);
INSERT INTO "degrees" VALUES(1991,20,3401);
INSERT INTO "degrees" VALUES(1992,20,3319);
INSERT INTO "degrees" VALUES(1993,20,3411);
INSERT INTO "degrees" VALUES(1994,20,3080);
INSERT INTO "degrees" VALUES(1995,20,3056);
INSERT INTO "degrees" VALUES(1996,20,2824);
INSERT INTO "degrees" VALUES(1997,20,3146);
INSERT INTO "degrees" VALUES(1998,20,3339);
INSERT INTO "degrees" VALUES(1999,20,3545);
INSERT INTO "degrees" VALUES(2000,20,2840);
INSERT INTO "degrees" VALUES(2001,20,3509);
INSERT INTO "degrees" VALUES(2002,20,3169);
INSERT INTO "degrees" VALUES(2003,20,4677);
INSERT INTO "degrees" VALUES(2004,20,3374);
INSERT INTO "degrees" VALUES(1991,21,81);
INSERT INTO "degrees" VALUES(1992,21,260);
INSERT INTO "degrees" VALUES(1993,21,417);
INSERT INTO "degrees" VALUES(1994,21,552);
INSERT INTO "degrees" VALUES(1995,21,557);
INSERT INTO "degrees" VALUES(1996,21,606);
INSERT INTO "degrees" VALUES(1997,21,644);
INSERT INTO "degrees" VALUES(1998,21,776);
INSERT INTO "degrees" VALUES(1999,21,878);
INSERT INTO "degrees" VALUES(2000,21,1333);
INSERT INTO "degrees" VALUES(2001,21,1087);
INSERT INTO "degrees" VALUES(2002,21,1201);
INSERT INTO "degrees" VALUES(2003,21,1342);
INSERT INTO "degrees" VALUES(2004,21,1459);
INSERT INTO "degrees" VALUES(1990,22,1113);
INSERT INTO "degrees" VALUES(1991,22,1213);
INSERT INTO "degrees" VALUES(1992,22,1396);
INSERT INTO "degrees" VALUES(1993,22,1327);
INSERT INTO "degrees" VALUES(1994,22,1249);
INSERT INTO "degrees" VALUES(1995,22,1318);
INSERT INTO "degrees" VALUES(1996,22,1360);
INSERT INTO "degrees" VALUES(1997,22,1400);
INSERT INTO "degrees" VALUES(1998,22,1446);
INSERT INTO "degrees" VALUES(1999,22,1447);
INSERT INTO "degrees" VALUES(2000,22,1398);
INSERT INTO "degrees" VALUES(2001,22,1541);
INSERT INTO "degrees" VALUES(2002,22,1372);
INSERT INTO "degrees" VALUES(2003,22,1431);
INSERT INTO "degrees" VALUES(2004,22,1598);
INSERT INTO "degrees" VALUES(1990,23,815);
INSERT INTO "degrees" VALUES(1991,23,909);
INSERT INTO "degrees" VALUES(1992,23,926);
INSERT INTO "degrees" VALUES(1993,23,989);
INSERT INTO "degrees" VALUES(1994,23,967);
INSERT INTO "degrees" VALUES(1995,23,1042);
INSERT INTO "degrees" VALUES(1996,23,1044);
INSERT INTO "degrees" VALUES(1997,23,1046);
INSERT INTO "degrees" VALUES(1998,23,1181);
INSERT INTO "degrees" VALUES(1999,23,1210);
INSERT INTO "degrees" VALUES(2000,23,1267);
INSERT INTO "degrees" VALUES(2001,23,1241);
INSERT INTO "degrees" VALUES(2002,23,1282);
INSERT INTO "degrees" VALUES(2003,23,1368);
INSERT INTO "degrees" VALUES(2004,23,1454);
CREATE TABLE IF NOT EXISTS "discipline_enrollments" ( 
	"Campus" INTEGER, 
	"Discipline" INTEGER, 
	"Year" INTEGER, 
	"Undergraduate" INTEGER, 
	"Graduate" INTEGER,
	PRIMARY KEY (Campus, Discipline),
	FOREIGN KEY (Campus) REFERENCES Campuses(Id)
);
INSERT INTO "discipline_enrollments" VALUES(1,4,2004,248,0);
INSERT INTO "discipline_enrollments" VALUES(1,5,2004,811,73);
INSERT INTO "discipline_enrollments" VALUES(1,6,2004,199,0);
INSERT INTO "discipline_enrollments" VALUES(1,7,2004,179,0);
INSERT INTO "discipline_enrollments" VALUES(1,8,2004,293,422);
INSERT INTO "discipline_enrollments" VALUES(1,10,2004,164,0);
INSERT INTO "discipline_enrollments" VALUES(1,11,2004,60,6);
INSERT INTO "discipline_enrollments" VALUES(1,12,2004,457,35);
INSERT INTO "discipline_enrollments" VALUES(1,14,2004,1153,6);
INSERT INTO "discipline_enrollments" VALUES(1,15,2004,244,23);
INSERT INTO "discipline_enrollments" VALUES(1,17,2004,115,8);
INSERT INTO "discipline_enrollments" VALUES(1,18,2004,102,7);
INSERT INTO "discipline_enrollments" VALUES(1,19,2004,501,50);
INSERT INTO "discipline_enrollments" VALUES(1,20,2004,383,142);
INSERT INTO "discipline_enrollments" VALUES(1,21,2004,584,32);
INSERT INTO "discipline_enrollments" VALUES(1,22,2004,514,0);
INSERT INTO "discipline_enrollments" VALUES(2,4,2004,155,0);
INSERT INTO "discipline_enrollments" VALUES(2,5,2004,364,0);
INSERT INTO "discipline_enrollments" VALUES(2,7,2004,72,0);
INSERT INTO "discipline_enrollments" VALUES(2,10,2004,127,0);
INSERT INTO "discipline_enrollments" VALUES(2,14,2004,516,0);
INSERT INTO "discipline_enrollments" VALUES(2,15,2004,117,0);
INSERT INTO "discipline_enrollments" VALUES(2,17,2004,60,0);
INSERT INTO "discipline_enrollments" VALUES(2,19,2004,207,0);
INSERT INTO "discipline_enrollments" VALUES(2,21,2004,84,0);
INSERT INTO "discipline_enrollments" VALUES(2,22,2004,118,0);
INSERT INTO "discipline_enrollments" VALUES(3,1,2004,380,0);
INSERT INTO "discipline_enrollments" VALUES(3,2,2004,0,4);
INSERT INTO "discipline_enrollments" VALUES(3,3,2004,36,0);
INSERT INTO "discipline_enrollments" VALUES(3,4,2004,381,27);
INSERT INTO "discipline_enrollments" VALUES(3,5,2004,2264,46);
INSERT INTO "discipline_enrollments" VALUES(3,6,2004,762,21);
INSERT INTO "discipline_enrollments" VALUES(3,7,2004,489,64);
INSERT INTO "discipline_enrollments" VALUES(3,8,2004,637,181);
INSERT INTO "discipline_enrollments" VALUES(3,9,2004,1298,25);
INSERT INTO "discipline_enrollments" VALUES(3,10,2004,836,25);
INSERT INTO "discipline_enrollments" VALUES(3,11,2004,108,0);
INSERT INTO "discipline_enrollments" VALUES(3,12,2004,426,60);
INSERT INTO "discipline_enrollments" VALUES(3,13,2004,113,16);
INSERT INTO "discipline_enrollments" VALUES(3,14,2004,1275,46);
INSERT INTO "discipline_enrollments" VALUES(3,15,2004,643,44);
INSERT INTO "discipline_enrollments" VALUES(3,17,2004,141,0);
INSERT INTO "discipline_enrollments" VALUES(3,18,2004,130,13);
INSERT INTO "discipline_enrollments" VALUES(3,19,2004,657,88);
INSERT INTO "discipline_enrollments" VALUES(3,20,2004,774,108);
INSERT INTO "discipline_enrollments" VALUES(3,21,2004,1264,107);
INSERT INTO "discipline_enrollments" VALUES(3,22,2004,1665,0);
INSERT INTO "discipline_enrollments" VALUES(4,4,2004,267,19);
INSERT INTO "discipline_enrollments" VALUES(4,5,2004,1502,72);
INSERT INTO "discipline_enrollments" VALUES(4,6,2004,233,0);
INSERT INTO "discipline_enrollments" VALUES(4,7,2004,315,0);
INSERT INTO "discipline_enrollments" VALUES(4,8,2004,152,1535);
INSERT INTO "discipline_enrollments" VALUES(4,9,2004,0,15);
INSERT INTO "discipline_enrollments" VALUES(4,10,2004,183,0);
INSERT INTO "discipline_enrollments" VALUES(4,11,2004,114,0);
INSERT INTO "discipline_enrollments" VALUES(4,12,2004,882,377);
INSERT INTO "discipline_enrollments" VALUES(4,13,2004,0,55);
INSERT INTO "discipline_enrollments" VALUES(4,14,2004,1694,1);
INSERT INTO "discipline_enrollments" VALUES(4,15,2004,274,148);
INSERT INTO "discipline_enrollments" VALUES(4,17,2004,127,19);
INSERT INTO "discipline_enrollments" VALUES(4,18,2004,62,0);
INSERT INTO "discipline_enrollments" VALUES(4,19,2004,546,147);
INSERT INTO "discipline_enrollments" VALUES(4,20,2004,669,197);
INSERT INTO "discipline_enrollments" VALUES(4,21,2004,729,71);
INSERT INTO "discipline_enrollments" VALUES(4,22,2004,1114,0);
INSERT INTO "discipline_enrollments" VALUES(5,3,2004,5,0);
INSERT INTO "discipline_enrollments" VALUES(5,4,2004,459,29);
INSERT INTO "discipline_enrollments" VALUES(5,5,2004,2675,729);
INSERT INTO "discipline_enrollments" VALUES(5,6,2004,302,33);
INSERT INTO "discipline_enrollments" VALUES(5,7,2004,495,222);
INSERT INTO "discipline_enrollments" VALUES(5,8,2004,221,436);
INSERT INTO "discipline_enrollments" VALUES(5,9,2004,104,0);
INSERT INTO "discipline_enrollments" VALUES(5,10,2004,551,17);
INSERT INTO "discipline_enrollments" VALUES(5,11,2004,28,0);
INSERT INTO "discipline_enrollments" VALUES(5,12,2004,446,153);
INSERT INTO "discipline_enrollments" VALUES(5,14,2004,942,16);
INSERT INTO "discipline_enrollments" VALUES(5,15,2004,296,118);
INSERT INTO "discipline_enrollments" VALUES(5,17,2004,133,134);
INSERT INTO "discipline_enrollments" VALUES(5,18,2004,81,29);
INSERT INTO "discipline_enrollments" VALUES(5,19,2004,850,0);
INSERT INTO "discipline_enrollments" VALUES(5,20,2004,428,297);
INSERT INTO "discipline_enrollments" VALUES(5,21,2004,823,140);
INSERT INTO "discipline_enrollments" VALUES(5,22,2004,874,0);
INSERT INTO "discipline_enrollments" VALUES(6,1,2004,776,40);
INSERT INTO "discipline_enrollments" VALUES(6,4,2004,533,43);
INSERT INTO "discipline_enrollments" VALUES(6,5,2004,2481,119);
INSERT INTO "discipline_enrollments" VALUES(6,6,2004,378,22);
INSERT INTO "discipline_enrollments" VALUES(6,7,2004,353,90);
INSERT INTO "discipline_enrollments" VALUES(6,8,2004,752,500);
INSERT INTO "discipline_enrollments" VALUES(6,9,2004,1166,55);
INSERT INTO "discipline_enrollments" VALUES(6,10,2004,735,45);
INSERT INTO "discipline_enrollments" VALUES(6,11,2004,103,27);
INSERT INTO "discipline_enrollments" VALUES(6,12,2004,1634,382);
INSERT INTO "discipline_enrollments" VALUES(6,13,2004,62,128);
INSERT INTO "discipline_enrollments" VALUES(6,14,2004,2126,11);
INSERT INTO "discipline_enrollments" VALUES(6,15,2004,662,122);
INSERT INTO "discipline_enrollments" VALUES(6,17,2004,170,18);
INSERT INTO "discipline_enrollments" VALUES(6,18,2004,285,32);
INSERT INTO "discipline_enrollments" VALUES(6,19,2004,793,50);
INSERT INTO "discipline_enrollments" VALUES(6,20,2004,1203,187);
INSERT INTO "discipline_enrollments" VALUES(6,21,2004,1010,82);
INSERT INTO "discipline_enrollments" VALUES(6,22,2004,1560,0);
INSERT INTO "discipline_enrollments" VALUES(7,3,2004,92,55);
INSERT INTO "discipline_enrollments" VALUES(7,4,2004,956,58);
INSERT INTO "discipline_enrollments" VALUES(7,5,2004,6986,480);
INSERT INTO "discipline_enrollments" VALUES(7,6,2004,2263,95);
INSERT INTO "discipline_enrollments" VALUES(7,7,2004,835,378);
INSERT INTO "discipline_enrollments" VALUES(7,8,2004,2103,1288);
INSERT INTO "discipline_enrollments" VALUES(7,9,2004,703,172);
INSERT INTO "discipline_enrollments" VALUES(7,10,2004,2152,202);
INSERT INTO "discipline_enrollments" VALUES(7,11,2004,158,38);
INSERT INTO "discipline_enrollments" VALUES(7,12,2004,695,249);
INSERT INTO "discipline_enrollments" VALUES(7,14,2004,1550,80);
INSERT INTO "discipline_enrollments" VALUES(7,15,2004,822,206);
INSERT INTO "discipline_enrollments" VALUES(7,17,2004,267,79);
INSERT INTO "discipline_enrollments" VALUES(7,18,2004,169,95);
INSERT INTO "discipline_enrollments" VALUES(7,19,2004,1271,56);
INSERT INTO "discipline_enrollments" VALUES(7,20,2004,1396,135);
INSERT INTO "discipline_enrollments" VALUES(7,21,2004,1709,386);
INSERT INTO "discipline_enrollments" VALUES(7,22,2004,3208,0);
INSERT INTO "discipline_enrollments" VALUES(8,1,2004,691,100);
INSERT INTO "discipline_enrollments" VALUES(8,4,2004,722,48);
INSERT INTO "discipline_enrollments" VALUES(8,5,2004,315,35);
INSERT INTO "discipline_enrollments" VALUES(8,6,2004,165,0);
INSERT INTO "discipline_enrollments" VALUES(8,7,2004,130,0);
INSERT INTO "discipline_enrollments" VALUES(8,8,2004,268,54);
INSERT INTO "discipline_enrollments" VALUES(8,9,2004,175,0);
INSERT INTO "discipline_enrollments" VALUES(8,10,2004,714,17);
INSERT INTO "discipline_enrollments" VALUES(8,11,2004,65,0);
INSERT INTO "discipline_enrollments" VALUES(8,12,2004,278,0);
INSERT INTO "discipline_enrollments" VALUES(8,14,2004,878,46);
INSERT INTO "discipline_enrollments" VALUES(8,15,2004,390,39);
INSERT INTO "discipline_enrollments" VALUES(8,17,2004,100,0);
INSERT INTO "discipline_enrollments" VALUES(8,18,2004,222,0);
INSERT INTO "discipline_enrollments" VALUES(8,19,2004,348,61);
INSERT INTO "discipline_enrollments" VALUES(8,20,2004,93,35);
INSERT INTO "discipline_enrollments" VALUES(8,21,2004,650,95);
INSERT INTO "discipline_enrollments" VALUES(8,22,2004,497,0);
INSERT INTO "discipline_enrollments" VALUES(9,2,2004,230,0);
INSERT INTO "discipline_enrollments" VALUES(9,3,2004,89,24);
INSERT INTO "discipline_enrollments" VALUES(9,4,2004,1523,62);
INSERT INTO "discipline_enrollments" VALUES(9,5,2004,4087,301);
INSERT INTO "discipline_enrollments" VALUES(9,6,2004,980,0);
INSERT INTO "discipline_enrollments" VALUES(9,7,2004,486,122);
INSERT INTO "discipline_enrollments" VALUES(9,8,2004,867,650);
INSERT INTO "discipline_enrollments" VALUES(9,9,2004,2444,361);
INSERT INTO "discipline_enrollments" VALUES(9,10,2004,2538,212);
INSERT INTO "discipline_enrollments" VALUES(9,11,2004,233,56);
INSERT INTO "discipline_enrollments" VALUES(9,12,2004,1478,504);
INSERT INTO "discipline_enrollments" VALUES(9,13,2004,986,124);
INSERT INTO "discipline_enrollments" VALUES(9,14,2004,2210,63);
INSERT INTO "discipline_enrollments" VALUES(9,15,2004,2102,330);
INSERT INTO "discipline_enrollments" VALUES(9,17,2004,355,88);
INSERT INTO "discipline_enrollments" VALUES(9,18,2004,194,48);
INSERT INTO "discipline_enrollments" VALUES(9,19,2004,1197,67);
INSERT INTO "discipline_enrollments" VALUES(9,20,2004,1178,751);
INSERT INTO "discipline_enrollments" VALUES(9,21,2004,2264,207);
INSERT INTO "discipline_enrollments" VALUES(9,22,2004,1945,1);
INSERT INTO "discipline_enrollments" VALUES(10,3,2004,30,38);
INSERT INTO "discipline_enrollments" VALUES(10,4,2004,660,63);
INSERT INTO "discipline_enrollments" VALUES(10,5,2004,2587,218);
INSERT INTO "discipline_enrollments" VALUES(10,6,2004,350,72);
INSERT INTO "discipline_enrollments" VALUES(10,7,2004,759,79);
INSERT INTO "discipline_enrollments" VALUES(10,8,2004,3041,2514);
INSERT INTO "discipline_enrollments" VALUES(10,9,2004,714,207);
INSERT INTO "discipline_enrollments" VALUES(10,10,2004,691,207);
INSERT INTO "discipline_enrollments" VALUES(10,11,2004,161,64);
INSERT INTO "discipline_enrollments" VALUES(10,12,2004,1015,247);
INSERT INTO "discipline_enrollments" VALUES(10,13,2004,90,100);
INSERT INTO "discipline_enrollments" VALUES(10,14,2004,1011,17);
INSERT INTO "discipline_enrollments" VALUES(10,15,2004,529,238);
INSERT INTO "discipline_enrollments" VALUES(10,17,2004,66,221);
INSERT INTO "discipline_enrollments" VALUES(10,18,2004,129,105);
INSERT INTO "discipline_enrollments" VALUES(10,19,2004,832,138);
INSERT INTO "discipline_enrollments" VALUES(10,20,2004,1271,356);
INSERT INTO "discipline_enrollments" VALUES(10,21,2004,1047,282);
INSERT INTO "discipline_enrollments" VALUES(10,22,2004,36,39);
INSERT INTO "discipline_enrollments" VALUES(11,5,2004,74,0);
INSERT INTO "discipline_enrollments" VALUES(11,9,2004,259,0);
INSERT INTO "discipline_enrollments" VALUES(11,14,2004,395,0);
INSERT INTO "discipline_enrollments" VALUES(11,21,2004,30,0);
INSERT INTO "discipline_enrollments" VALUES(12,5,2004,509,27);
INSERT INTO "discipline_enrollments" VALUES(12,6,2004,546,0);
INSERT INTO "discipline_enrollments" VALUES(12,8,2004,0,68);
INSERT INTO "discipline_enrollments" VALUES(12,10,2004,79,0);
INSERT INTO "discipline_enrollments" VALUES(12,14,2004,1013,54);
INSERT INTO "discipline_enrollments" VALUES(12,15,2004,416,0);
INSERT INTO "discipline_enrollments" VALUES(12,17,2004,11,0);
INSERT INTO "discipline_enrollments" VALUES(12,20,2004,131,0);
INSERT INTO "discipline_enrollments" VALUES(12,21,2004,363,0);
INSERT INTO "discipline_enrollments" VALUES(12,22,2004,479,2);
INSERT INTO "discipline_enrollments" VALUES(13,4,2004,1195,81);
INSERT INTO "discipline_enrollments" VALUES(13,5,2004,5247,198);
INSERT INTO "discipline_enrollments" VALUES(13,6,2004,1484,96);
INSERT INTO "discipline_enrollments" VALUES(13,7,2004,856,78);
INSERT INTO "discipline_enrollments" VALUES(13,8,2004,1366,1598);
INSERT INTO "discipline_enrollments" VALUES(13,9,2004,1058,406);
INSERT INTO "discipline_enrollments" VALUES(13,10,2004,1517,135);
INSERT INTO "discipline_enrollments" VALUES(13,11,2004,118,28);
INSERT INTO "discipline_enrollments" VALUES(13,12,2004,815,422);
INSERT INTO "discipline_enrollments" VALUES(13,13,2004,622,93);
INSERT INTO "discipline_enrollments" VALUES(13,14,2004,2072,31);
INSERT INTO "discipline_enrollments" VALUES(13,15,2004,1249,252);
INSERT INTO "discipline_enrollments" VALUES(13,17,2004,180,83);
INSERT INTO "discipline_enrollments" VALUES(13,18,2004,151,69);
INSERT INTO "discipline_enrollments" VALUES(13,19,2004,1697,78);
INSERT INTO "discipline_enrollments" VALUES(13,20,2004,413,14);
INSERT INTO "discipline_enrollments" VALUES(13,21,2004,2402,273);
INSERT INTO "discipline_enrollments" VALUES(13,22,2004,2373,0);
INSERT INTO "discipline_enrollments" VALUES(14,1,2004,833,55);
INSERT INTO "discipline_enrollments" VALUES(14,2,2004,853,177);
INSERT INTO "discipline_enrollments" VALUES(14,4,2004,915,64);
INSERT INTO "discipline_enrollments" VALUES(14,5,2004,4850,156);
INSERT INTO "discipline_enrollments" VALUES(14,6,2004,297,0);
INSERT INTO "discipline_enrollments" VALUES(14,7,2004,600,69);
INSERT INTO "discipline_enrollments" VALUES(14,8,2004,274,245);
INSERT INTO "discipline_enrollments" VALUES(14,9,2004,3975,154);
INSERT INTO "discipline_enrollments" VALUES(14,10,2004,702,0);
INSERT INTO "discipline_enrollments" VALUES(14,11,2004,48,0);
INSERT INTO "discipline_enrollments" VALUES(14,13,2004,260,0);
INSERT INTO "discipline_enrollments" VALUES(14,14,2004,823,11);
INSERT INTO "discipline_enrollments" VALUES(14,15,2004,252,87);
INSERT INTO "discipline_enrollments" VALUES(14,17,2004,199,50);
INSERT INTO "discipline_enrollments" VALUES(14,18,2004,200,20);
INSERT INTO "discipline_enrollments" VALUES(14,19,2004,674,27);
INSERT INTO "discipline_enrollments" VALUES(14,20,2004,0,36);
INSERT INTO "discipline_enrollments" VALUES(14,21,2004,845,53);
INSERT INTO "discipline_enrollments" VALUES(14,22,2004,394,0);
INSERT INTO "discipline_enrollments" VALUES(15,2,2004,295,0);
INSERT INTO "discipline_enrollments" VALUES(15,3,2004,10,0);
INSERT INTO "discipline_enrollments" VALUES(15,4,2004,730,63);
INSERT INTO "discipline_enrollments" VALUES(15,5,2004,4237,156);
INSERT INTO "discipline_enrollments" VALUES(15,6,2004,1239,53);
INSERT INTO "discipline_enrollments" VALUES(15,7,2004,877,176);
INSERT INTO "discipline_enrollments" VALUES(15,8,2004,1260,1388);
INSERT INTO "discipline_enrollments" VALUES(15,9,2004,1534,330);
INSERT INTO "discipline_enrollments" VALUES(15,10,2004,1135,65);
INSERT INTO "discipline_enrollments" VALUES(15,11,2004,120,50);
INSERT INTO "discipline_enrollments" VALUES(15,12,2004,1372,271);
INSERT INTO "discipline_enrollments" VALUES(15,13,2004,275,0);
INSERT INTO "discipline_enrollments" VALUES(15,14,2004,1398,77);
INSERT INTO "discipline_enrollments" VALUES(15,15,2004,608,244);
INSERT INTO "discipline_enrollments" VALUES(15,17,2004,195,31);
INSERT INTO "discipline_enrollments" VALUES(15,18,2004,307,35);
INSERT INTO "discipline_enrollments" VALUES(15,19,2004,1037,96);
INSERT INTO "discipline_enrollments" VALUES(15,20,2004,1961,519);
INSERT INTO "discipline_enrollments" VALUES(15,21,2004,1729,296);
INSERT INTO "discipline_enrollments" VALUES(15,22,2004,2467,0);
INSERT INTO "discipline_enrollments" VALUES(16,3,2004,4,0);
INSERT INTO "discipline_enrollments" VALUES(16,4,2004,585,13);
INSERT INTO "discipline_enrollments" VALUES(16,5,2004,2115,229);
INSERT INTO "discipline_enrollments" VALUES(16,6,2004,407,34);
INSERT INTO "discipline_enrollments" VALUES(16,7,2004,523,112);
INSERT INTO "discipline_enrollments" VALUES(16,8,2004,548,988);
INSERT INTO "discipline_enrollments" VALUES(16,10,2004,490,5);
INSERT INTO "discipline_enrollments" VALUES(16,11,2004,133,7);
INSERT INTO "discipline_enrollments" VALUES(16,12,2004,1021,119);
INSERT INTO "discipline_enrollments" VALUES(16,13,2004,66,0);
INSERT INTO "discipline_enrollments" VALUES(16,14,2004,1791,27);
INSERT INTO "discipline_enrollments" VALUES(16,15,2004,538,114);
INSERT INTO "discipline_enrollments" VALUES(16,17,2004,252,60);
INSERT INTO "discipline_enrollments" VALUES(16,18,2004,139,0);
INSERT INTO "discipline_enrollments" VALUES(16,19,2004,987,108);
INSERT INTO "discipline_enrollments" VALUES(16,20,2004,1008,345);
INSERT INTO "discipline_enrollments" VALUES(16,21,2004,909,79);
INSERT INTO "discipline_enrollments" VALUES(16,22,2004,765,0);
INSERT INTO "discipline_enrollments" VALUES(17,1,2004,2,0);
INSERT INTO "discipline_enrollments" VALUES(17,2,2004,141,58);
INSERT INTO "discipline_enrollments" VALUES(17,3,2004,46,51);
INSERT INTO "discipline_enrollments" VALUES(17,4,2004,1227,171);
INSERT INTO "discipline_enrollments" VALUES(17,5,2004,6004,596);
INSERT INTO "discipline_enrollments" VALUES(17,6,2004,1100,109);
INSERT INTO "discipline_enrollments" VALUES(17,7,2004,601,325);
INSERT INTO "discipline_enrollments" VALUES(17,8,2004,1338,842);
INSERT INTO "discipline_enrollments" VALUES(17,9,2004,1743,304);
INSERT INTO "discipline_enrollments" VALUES(17,10,2004,1355,127);
INSERT INTO "discipline_enrollments" VALUES(17,11,2004,259,69);
INSERT INTO "discipline_enrollments" VALUES(17,12,2004,1439,627);
INSERT INTO "discipline_enrollments" VALUES(17,13,2004,148,22);
INSERT INTO "discipline_enrollments" VALUES(17,14,2004,1798,86);
INSERT INTO "discipline_enrollments" VALUES(17,15,2004,1455,229);
INSERT INTO "discipline_enrollments" VALUES(17,17,2004,268,138);
INSERT INTO "discipline_enrollments" VALUES(17,18,2004,324,133);
INSERT INTO "discipline_enrollments" VALUES(17,19,2004,1874,146);
INSERT INTO "discipline_enrollments" VALUES(17,20,2004,1848,459);
INSERT INTO "discipline_enrollments" VALUES(17,21,2004,2458,323);
INSERT INTO "discipline_enrollments" VALUES(17,22,2004,1503,0);
INSERT INTO "discipline_enrollments" VALUES(18,2,2004,200,0);
INSERT INTO "discipline_enrollments" VALUES(18,3,2004,12,0);
INSERT INTO "discipline_enrollments" VALUES(18,4,2004,1266,142);
INSERT INTO "discipline_enrollments" VALUES(18,5,2004,4279,741);
INSERT INTO "discipline_enrollments" VALUES(18,6,2004,1249,62);
INSERT INTO "discipline_enrollments" VALUES(18,7,2004,934,106);
INSERT INTO "discipline_enrollments" VALUES(18,8,2004,1378,928);
INSERT INTO "discipline_enrollments" VALUES(18,9,2004,626,95);
INSERT INTO "discipline_enrollments" VALUES(18,10,2004,2033,187);
INSERT INTO "discipline_enrollments" VALUES(18,11,2004,235,117);
INSERT INTO "discipline_enrollments" VALUES(18,12,2004,572,512);
INSERT INTO "discipline_enrollments" VALUES(18,13,2004,468,126);
INSERT INTO "discipline_enrollments" VALUES(18,14,2004,989,132);
INSERT INTO "discipline_enrollments" VALUES(18,15,2004,1398,792);
INSERT INTO "discipline_enrollments" VALUES(18,17,2004,124,64);
INSERT INTO "discipline_enrollments" VALUES(18,18,2004,209,113);
INSERT INTO "discipline_enrollments" VALUES(18,19,2004,1369,117);
INSERT INTO "discipline_enrollments" VALUES(18,20,2004,663,389);
INSERT INTO "discipline_enrollments" VALUES(18,21,2004,1981,394);
INSERT INTO "discipline_enrollments" VALUES(18,22,2004,2736,0);
INSERT INTO "discipline_enrollments" VALUES(19,1,2004,13,0);
INSERT INTO "discipline_enrollments" VALUES(19,2,2004,44,79);
INSERT INTO "discipline_enrollments" VALUES(19,4,2004,723,85);
INSERT INTO "discipline_enrollments" VALUES(19,5,2004,4492,295);
INSERT INTO "discipline_enrollments" VALUES(19,6,2004,834,72);
INSERT INTO "discipline_enrollments" VALUES(19,7,2004,2025,169);
INSERT INTO "discipline_enrollments" VALUES(19,8,2004,1520,978);
INSERT INTO "discipline_enrollments" VALUES(19,9,2004,2784,1893);
INSERT INTO "discipline_enrollments" VALUES(19,10,2004,1897,141);
INSERT INTO "discipline_enrollments" VALUES(19,11,2004,99,40);
INSERT INTO "discipline_enrollments" VALUES(19,12,2004,1607,253);
INSERT INTO "discipline_enrollments" VALUES(19,13,2004,101,114);
INSERT INTO "discipline_enrollments" VALUES(19,14,2004,441,93);
INSERT INTO "discipline_enrollments" VALUES(19,15,2004,649,291);
INSERT INTO "discipline_enrollments" VALUES(19,16,2004,0,661);
INSERT INTO "discipline_enrollments" VALUES(19,17,2004,128,49);
INSERT INTO "discipline_enrollments" VALUES(19,18,2004,192,85);
INSERT INTO "discipline_enrollments" VALUES(19,19,2004,793,123);
INSERT INTO "discipline_enrollments" VALUES(19,20,2004,882,527);
INSERT INTO "discipline_enrollments" VALUES(19,21,2004,1091,234);
INSERT INTO "discipline_enrollments" VALUES(19,22,2004,1348,0);
INSERT INTO "discipline_enrollments" VALUES(20,1,2004,2631,132);
INSERT INTO "discipline_enrollments" VALUES(20,2,2004,1177,49);
INSERT INTO "discipline_enrollments" VALUES(20,4,2004,796,24);
INSERT INTO "discipline_enrollments" VALUES(20,5,2004,1758,60);
INSERT INTO "discipline_enrollments" VALUES(20,6,2004,210,0);
INSERT INTO "discipline_enrollments" VALUES(20,7,2004,558,39);
INSERT INTO "discipline_enrollments" VALUES(20,8,2004,903,125);
INSERT INTO "discipline_enrollments" VALUES(20,9,2004,4943,204);
INSERT INTO "discipline_enrollments" VALUES(20,10,2004,318,0);
INSERT INTO "discipline_enrollments" VALUES(20,11,2004,51,0);
INSERT INTO "discipline_enrollments" VALUES(20,13,2004,429,0);
INSERT INTO "discipline_enrollments" VALUES(20,14,2004,392,14);
INSERT INTO "discipline_enrollments" VALUES(20,15,2004,510,36);
INSERT INTO "discipline_enrollments" VALUES(20,17,2004,252,14);
INSERT INTO "discipline_enrollments" VALUES(20,18,2004,323,0);
INSERT INTO "discipline_enrollments" VALUES(20,19,2004,267,37);
INSERT INTO "discipline_enrollments" VALUES(20,20,2004,286,12);
INSERT INTO "discipline_enrollments" VALUES(20,21,2004,764,0);
INSERT INTO "discipline_enrollments" VALUES(20,22,2004,97,0);
INSERT INTO "discipline_enrollments" VALUES(21,4,2004,304,26);
INSERT INTO "discipline_enrollments" VALUES(21,5,2004,1733,111);
INSERT INTO "discipline_enrollments" VALUES(21,6,2004,350,0);
INSERT INTO "discipline_enrollments" VALUES(21,7,2004,224,27);
INSERT INTO "discipline_enrollments" VALUES(21,8,2004,0,238);
INSERT INTO "discipline_enrollments" VALUES(21,10,2004,144,0);
INSERT INTO "discipline_enrollments" VALUES(21,11,2004,85,4);
INSERT INTO "discipline_enrollments" VALUES(21,14,2004,1007,0);
INSERT INTO "discipline_enrollments" VALUES(21,15,2004,199,53);
INSERT INTO "discipline_enrollments" VALUES(21,17,2004,86,13);
INSERT INTO "discipline_enrollments" VALUES(21,18,2004,65,0);
INSERT INTO "discipline_enrollments" VALUES(21,19,2004,679,26);
INSERT INTO "discipline_enrollments" VALUES(21,21,2004,862,36);
INSERT INTO "discipline_enrollments" VALUES(21,22,2004,482,1);
INSERT INTO "discipline_enrollments" VALUES(22,4,2004,287,15);
INSERT INTO "discipline_enrollments" VALUES(22,5,2004,1132,53);
INSERT INTO "discipline_enrollments" VALUES(22,6,2004,277,0);
INSERT INTO "discipline_enrollments" VALUES(22,7,2004,163,0);
INSERT INTO "discipline_enrollments" VALUES(22,8,2004,271,244);
INSERT INTO "discipline_enrollments" VALUES(22,9,2004,0,3);
INSERT INTO "discipline_enrollments" VALUES(22,10,2004,411,0);
INSERT INTO "discipline_enrollments" VALUES(22,11,2004,56,0);
INSERT INTO "discipline_enrollments" VALUES(22,12,2004,260,48);
INSERT INTO "discipline_enrollments" VALUES(22,14,2004,770,30);
INSERT INTO "discipline_enrollments" VALUES(22,15,2004,320,40);
INSERT INTO "discipline_enrollments" VALUES(22,17,2004,88,0);
INSERT INTO "discipline_enrollments" VALUES(22,18,2004,128,0);
INSERT INTO "discipline_enrollments" VALUES(22,19,2004,478,1);
INSERT INTO "discipline_enrollments" VALUES(22,20,2004,184,39);
INSERT INTO "discipline_enrollments" VALUES(22,21,2004,1017,43);
INSERT INTO "discipline_enrollments" VALUES(22,22,2004,1064,0);
INSERT INTO "discipline_enrollments" VALUES(23,1,2004,25,0);
INSERT INTO "discipline_enrollments" VALUES(23,4,2004,340,0);
INSERT INTO "discipline_enrollments" VALUES(23,5,2004,967,103);
INSERT INTO "discipline_enrollments" VALUES(23,6,2004,176,0);
INSERT INTO "discipline_enrollments" VALUES(23,7,2004,243,0);
INSERT INTO "discipline_enrollments" VALUES(23,8,2004,368,247);
INSERT INTO "discipline_enrollments" VALUES(23,10,2004,220,0);
INSERT INTO "discipline_enrollments" VALUES(23,11,2004,51,0);
INSERT INTO "discipline_enrollments" VALUES(23,12,2004,380,0);
INSERT INTO "discipline_enrollments" VALUES(23,14,2004,1212,27);
INSERT INTO "discipline_enrollments" VALUES(23,15,2004,195,36);
INSERT INTO "discipline_enrollments" VALUES(23,17,2004,123,0);
INSERT INTO "discipline_enrollments" VALUES(23,18,2004,89,0);
INSERT INTO "discipline_enrollments" VALUES(23,19,2004,395,56);
INSERT INTO "discipline_enrollments" VALUES(23,20,2004,349,207);
INSERT INTO "discipline_enrollments" VALUES(23,21,2004,593,23);
INSERT INTO "discipline_enrollments" VALUES(23,22,2004,466,0);
CREATE TABLE IF NOT EXISTS "enrollments" ( 
	"Campus" INTEGER, 
	"Year" INTEGER, 
	"TotalEnrollment_AY" INTEGER, 
	"FTE_AY" INTEGER,
	PRIMARY KEY(Campus, Year),
	FOREIGN KEY (Campus) REFERENCES Campuses(Id)
);
INSERT INTO "enrollments" VALUES(1,1956,384,123);
INSERT INTO "enrollments" VALUES(1,1957,432,151);
INSERT INTO "enrollments" VALUES(1,1958,422,178);
INSERT INTO "enrollments" VALUES(1,1959,443,184);
INSERT INTO "enrollments" VALUES(1,1960,414,191);
INSERT INTO "enrollments" VALUES(1,1961,434,203);
INSERT INTO "enrollments" VALUES(1,1962,495,230);
INSERT INTO "enrollments" VALUES(1,1963,533,262);
INSERT INTO "enrollments" VALUES(1,1964,518,238);
INSERT INTO "enrollments" VALUES(1,1965,457,210);
INSERT INTO "enrollments" VALUES(1,1966,492,233);
INSERT INTO "enrollments" VALUES(1,1967,560,281);
INSERT INTO "enrollments" VALUES(1,1968,684,358);
INSERT INTO "enrollments" VALUES(1,1969,790,475);
INSERT INTO "enrollments" VALUES(1,1970,1036,852);
INSERT INTO "enrollments" VALUES(1,1971,1757,1495);
INSERT INTO "enrollments" VALUES(1,1972,2263,1941);
INSERT INTO "enrollments" VALUES(1,1973,2719,2296);
INSERT INTO "enrollments" VALUES(1,1974,2847,2268);
INSERT INTO "enrollments" VALUES(1,1975,2982,2295);
INSERT INTO "enrollments" VALUES(1,1976,3070,2338);
INSERT INTO "enrollments" VALUES(1,1977,3107,2322);
INSERT INTO "enrollments" VALUES(1,1978,2927,2239);
INSERT INTO "enrollments" VALUES(1,1979,2956,2219);
INSERT INTO "enrollments" VALUES(1,1980,3115,2328);
INSERT INTO "enrollments" VALUES(1,1981,3220,2358);
INSERT INTO "enrollments" VALUES(1,1982,3256,2403);
INSERT INTO "enrollments" VALUES(1,1983,3326,2470);
INSERT INTO "enrollments" VALUES(1,1984,3501,2547);
INSERT INTO "enrollments" VALUES(1,1985,3720,2760);
INSERT INTO "enrollments" VALUES(1,1986,4183,3033);
INSERT INTO "enrollments" VALUES(1,1987,4494,3312);
INSERT INTO "enrollments" VALUES(1,1988,4810,3602);
INSERT INTO "enrollments" VALUES(1,1989,5117,3877);
INSERT INTO "enrollments" VALUES(1,1990,5300,3845);
INSERT INTO "enrollments" VALUES(1,1991,5440,4146);
INSERT INTO "enrollments" VALUES(1,1992,5313,4219);
INSERT INTO "enrollments" VALUES(1,1993,5178,4158);
INSERT INTO "enrollments" VALUES(1,1994,5029,4057);
INSERT INTO "enrollments" VALUES(1,1995,5121,4179);
INSERT INTO "enrollments" VALUES(1,1996,5256,4394);
INSERT INTO "enrollments" VALUES(1,1997,5445,4585);
INSERT INTO "enrollments" VALUES(1,1998,5578,4703);
INSERT INTO "enrollments" VALUES(1,1999,6059,5108);
INSERT INTO "enrollments" VALUES(1,2000,6383,5358);
INSERT INTO "enrollments" VALUES(1,2001,7027,5914);
INSERT INTO "enrollments" VALUES(1,2002,7577,6410);
INSERT INTO "enrollments" VALUES(1,2003,7597,6358);
INSERT INTO "enrollments" VALUES(1,2004,7470,6330);
INSERT INTO "enrollments" VALUES(2,2002,771,562);
INSERT INTO "enrollments" VALUES(2,2003,1606,1312);
INSERT INTO "enrollments" VALUES(2,2004,2092,1706);
INSERT INTO "enrollments" VALUES(3,1935,680,654);
INSERT INTO "enrollments" VALUES(3,1936,640,641);
INSERT INTO "enrollments" VALUES(3,1937,628,621);
INSERT INTO "enrollments" VALUES(3,1938,754,692);
INSERT INTO "enrollments" VALUES(3,1939,847,772);
INSERT INTO "enrollments" VALUES(3,1940,806,742);
INSERT INTO "enrollments" VALUES(3,1941,654,594);
INSERT INTO "enrollments" VALUES(3,1942,464,390);
INSERT INTO "enrollments" VALUES(3,1943,284,228);
INSERT INTO "enrollments" VALUES(3,1944,314,249);
INSERT INTO "enrollments" VALUES(3,1945,478,375);
INSERT INTO "enrollments" VALUES(3,1946,950,881);
INSERT INTO "enrollments" VALUES(3,1947,1160,1066);
INSERT INTO "enrollments" VALUES(3,1948,1254,1113);
INSERT INTO "enrollments" VALUES(3,1949,1506,1330);
INSERT INTO "enrollments" VALUES(3,1950,1474,1289);
INSERT INTO "enrollments" VALUES(3,1951,1328,1142);
INSERT INTO "enrollments" VALUES(3,1952,1424,1215);
INSERT INTO "enrollments" VALUES(3,1953,1532,1312);
INSERT INTO "enrollments" VALUES(3,1954,1848,1619);
INSERT INTO "enrollments" VALUES(3,1955,2212,1944);
INSERT INTO "enrollments" VALUES(3,1956,2672,2363);
INSERT INTO "enrollments" VALUES(3,1957,3068,2699);
INSERT INTO "enrollments" VALUES(3,1958,3300,2811);
INSERT INTO "enrollments" VALUES(3,1959,3284,2845);
INSERT INTO "enrollments" VALUES(3,1960,3329,2873);
INSERT INTO "enrollments" VALUES(3,1961,3469,3049);
INSERT INTO "enrollments" VALUES(3,1962,3785,3304);
INSERT INTO "enrollments" VALUES(3,1963,4111,3607);
INSERT INTO "enrollments" VALUES(3,1964,5026,4447);
INSERT INTO "enrollments" VALUES(3,1965,5734,5156);
INSERT INTO "enrollments" VALUES(3,1966,6426,5835);
INSERT INTO "enrollments" VALUES(3,1967,7392,6759);
INSERT INTO "enrollments" VALUES(3,1968,8040,7431);
INSERT INTO "enrollments" VALUES(3,1969,9114,8712);
INSERT INTO "enrollments" VALUES(3,1970,10108,9661);
INSERT INTO "enrollments" VALUES(3,1971,10693,10036);
INSERT INTO "enrollments" VALUES(3,1972,11671,11112);
INSERT INTO "enrollments" VALUES(3,1973,12312,11455);
INSERT INTO "enrollments" VALUES(3,1974,12598,11612);
INSERT INTO "enrollments" VALUES(3,1975,13138,11875);
INSERT INTO "enrollments" VALUES(3,1976,12960,11761);
INSERT INTO "enrollments" VALUES(3,1977,13008,11785);
INSERT INTO "enrollments" VALUES(3,1978,12938,11706);
INSERT INTO "enrollments" VALUES(3,1979,13409,12190);
INSERT INTO "enrollments" VALUES(3,1980,13873,12557);
INSERT INTO "enrollments" VALUES(3,1981,13975,12581);
INSERT INTO "enrollments" VALUES(3,1982,13843,12530);
INSERT INTO "enrollments" VALUES(3,1983,13901,12643);
INSERT INTO "enrollments" VALUES(3,1984,14029,12668);
INSERT INTO "enrollments" VALUES(3,1985,14534,13006);
INSERT INTO "enrollments" VALUES(3,1986,14837,13026);
INSERT INTO "enrollments" VALUES(3,1987,15274,13331);
INSERT INTO "enrollments" VALUES(3,1988,15904,13881);
INSERT INTO "enrollments" VALUES(3,1989,16345,14324);
INSERT INTO "enrollments" VALUES(3,1990,16209,14241);
INSERT INTO "enrollments" VALUES(3,1991,15612,13730);
INSERT INTO "enrollments" VALUES(3,1992,14970,13412);
INSERT INTO "enrollments" VALUES(3,1993,14482,12876);
INSERT INTO "enrollments" VALUES(3,1994,14070,12609);
INSERT INTO "enrollments" VALUES(3,1995,13586,12291);
INSERT INTO "enrollments" VALUES(3,1996,13731,12477);
INSERT INTO "enrollments" VALUES(3,1997,14112,12857);
INSERT INTO "enrollments" VALUES(3,1998,14826,13486);
INSERT INTO "enrollments" VALUES(3,1999,15105,13645);
INSERT INTO "enrollments" VALUES(3,2000,15788,14232);
INSERT INTO "enrollments" VALUES(3,2001,16468,14786);
INSERT INTO "enrollments" VALUES(3,2002,15929,14281);
INSERT INTO "enrollments" VALUES(3,2003,15365,13861);
INSERT INTO "enrollments" VALUES(3,2004,15513,14161);
INSERT INTO "enrollments" VALUES(4,1965,44,38);
INSERT INTO "enrollments" VALUES(4,1966,135,118);
INSERT INTO "enrollments" VALUES(4,1967,470,403);
INSERT INTO "enrollments" VALUES(4,1968,1035,890);
INSERT INTO "enrollments" VALUES(4,1969,1806,1586);
INSERT INTO "enrollments" VALUES(4,1970,2652,2262);
INSERT INTO "enrollments" VALUES(4,1971,3625,2941);
INSERT INTO "enrollments" VALUES(4,1972,4080,3314);
INSERT INTO "enrollments" VALUES(4,1973,4908,3847);
INSERT INTO "enrollments" VALUES(4,1974,5796,4491);
INSERT INTO "enrollments" VALUES(4,1975,6621,5018);
INSERT INTO "enrollments" VALUES(4,1976,6456,4786);
INSERT INTO "enrollments" VALUES(4,1977,6737,4808);
INSERT INTO "enrollments" VALUES(4,1978,6716,4778);
INSERT INTO "enrollments" VALUES(4,1979,6972,4909);
INSERT INTO "enrollments" VALUES(4,1980,7609,5359);
INSERT INTO "enrollments" VALUES(4,1981,7889,5565);
INSERT INTO "enrollments" VALUES(4,1982,8064,5761);
INSERT INTO "enrollments" VALUES(4,1983,7890,5729);
INSERT INTO "enrollments" VALUES(4,1984,7477,5363);
INSERT INTO "enrollments" VALUES(4,1985,7273,5245);
INSERT INTO "enrollments" VALUES(4,1986,7410,4899);
INSERT INTO "enrollments" VALUES(4,1987,7869,5093);
INSERT INTO "enrollments" VALUES(4,1988,8142,5236);
INSERT INTO "enrollments" VALUES(4,1989,8888,5768);
INSERT INTO "enrollments" VALUES(4,1990,9680,6211);
INSERT INTO "enrollments" VALUES(4,1991,10200,6594);
INSERT INTO "enrollments" VALUES(4,1992,10282,6881);
INSERT INTO "enrollments" VALUES(4,1993,9731,6491);
INSERT INTO "enrollments" VALUES(4,1994,9672,6452);
INSERT INTO "enrollments" VALUES(4,1995,9903,6637);
INSERT INTO "enrollments" VALUES(4,1996,10341,6969);
INSERT INTO "enrollments" VALUES(4,1997,10700,7071);
INSERT INTO "enrollments" VALUES(4,1998,12132,7741);
INSERT INTO "enrollments" VALUES(4,1999,12487,7888);
INSERT INTO "enrollments" VALUES(4,2000,12710,8060);
INSERT INTO "enrollments" VALUES(4,2001,12967,8190);
INSERT INTO "enrollments" VALUES(4,2002,13244,8581);
INSERT INTO "enrollments" VALUES(4,2003,13133,8785);
INSERT INTO "enrollments" VALUES(4,2004,12359,8403);
INSERT INTO "enrollments" VALUES(5,1959,313,136);
INSERT INTO "enrollments" VALUES(5,1960,978,457);
INSERT INTO "enrollments" VALUES(5,1961,1371,687);
INSERT INTO "enrollments" VALUES(5,1962,1726,945);
INSERT INTO "enrollments" VALUES(5,1963,2413,1654);
INSERT INTO "enrollments" VALUES(5,1964,3890,2860);
INSERT INTO "enrollments" VALUES(5,1965,4588,3535);
INSERT INTO "enrollments" VALUES(5,1966,5331,4153);
INSERT INTO "enrollments" VALUES(5,1967,6753,5253);
INSERT INTO "enrollments" VALUES(5,1968,8421,6675);
INSERT INTO "enrollments" VALUES(5,1969,9547,7686);
INSERT INTO "enrollments" VALUES(5,1970,11158,9149);
INSERT INTO "enrollments" VALUES(5,1971,12000,9702);
INSERT INTO "enrollments" VALUES(5,1972,12166,9597);
INSERT INTO "enrollments" VALUES(5,1973,11680,8905);
INSERT INTO "enrollments" VALUES(5,1974,11147,8315);
INSERT INTO "enrollments" VALUES(5,1975,11239,8250);
INSERT INTO "enrollments" VALUES(5,1976,10789,7938);
INSERT INTO "enrollments" VALUES(5,1977,10299,7588);
INSERT INTO "enrollments" VALUES(5,1978,9999,7314);
INSERT INTO "enrollments" VALUES(5,1979,10062,7459);
INSERT INTO "enrollments" VALUES(5,1980,10237,7628);
INSERT INTO "enrollments" VALUES(5,1981,10866,8139);
INSERT INTO "enrollments" VALUES(5,1982,11269,8467);
INSERT INTO "enrollments" VALUES(5,1983,11449,8610);
INSERT INTO "enrollments" VALUES(5,1984,11537,8649);
INSERT INTO "enrollments" VALUES(5,1985,11727,8681);
INSERT INTO "enrollments" VALUES(5,1986,11935,8679);
INSERT INTO "enrollments" VALUES(5,1987,12030,8686);
INSERT INTO "enrollments" VALUES(5,1988,12188,8799);
INSERT INTO "enrollments" VALUES(5,1989,12298,8933);
INSERT INTO "enrollments" VALUES(5,1990,12721,9225);
INSERT INTO "enrollments" VALUES(5,1991,12670,9250);
INSERT INTO "enrollments" VALUES(5,1992,12494,9422);
INSERT INTO "enrollments" VALUES(5,1993,12218,9474);
INSERT INTO "enrollments" VALUES(5,1994,12246,9568);
INSERT INTO "enrollments" VALUES(5,1995,12235,9575);
INSERT INTO "enrollments" VALUES(5,1996,12464,9704);
INSERT INTO "enrollments" VALUES(5,1997,12518,9755);
INSERT INTO "enrollments" VALUES(5,1998,12480,9811);
INSERT INTO "enrollments" VALUES(5,1999,12276,9680);
INSERT INTO "enrollments" VALUES(5,2000,12287,9670);
INSERT INTO "enrollments" VALUES(5,2001,12981,10234);
INSERT INTO "enrollments" VALUES(5,2002,13400,10610);
INSERT INTO "enrollments" VALUES(5,2003,12932,10352);
INSERT INTO "enrollments" VALUES(5,2004,12460,10194);
INSERT INTO "enrollments" VALUES(6,1935,1653,1391);
INSERT INTO "enrollments" VALUES(6,1936,1660,1420);
INSERT INTO "enrollments" VALUES(6,1937,1718,1429);
INSERT INTO "enrollments" VALUES(6,1938,1870,1620);
INSERT INTO "enrollments" VALUES(6,1939,1950,1717);
INSERT INTO "enrollments" VALUES(6,1940,2146,1828);
INSERT INTO "enrollments" VALUES(6,1941,1874,1591);
INSERT INTO "enrollments" VALUES(6,1942,1404,1131);
INSERT INTO "enrollments" VALUES(6,1943,987,773);
INSERT INTO "enrollments" VALUES(6,1944,1058,866);
INSERT INTO "enrollments" VALUES(6,1945,1593,1323);
INSERT INTO "enrollments" VALUES(6,1946,2782,2391);
INSERT INTO "enrollments" VALUES(6,1947,2962,2580);
INSERT INTO "enrollments" VALUES(6,1948,3146,2634);
INSERT INTO "enrollments" VALUES(6,1949,3289,2783);
INSERT INTO "enrollments" VALUES(6,1950,3372,2708);
INSERT INTO "enrollments" VALUES(6,1951,3305,2713);
INSERT INTO "enrollments" VALUES(6,1952,3422,2796);
INSERT INTO "enrollments" VALUES(6,1953,3799,3117);
INSERT INTO "enrollments" VALUES(6,1954,4492,3656);
INSERT INTO "enrollments" VALUES(6,1955,4844,4087);
INSERT INTO "enrollments" VALUES(6,1956,5380,4413);
INSERT INTO "enrollments" VALUES(6,1957,5642,4659);
INSERT INTO "enrollments" VALUES(6,1958,5853,4683);
INSERT INTO "enrollments" VALUES(6,1959,5645,4532);
INSERT INTO "enrollments" VALUES(6,1960,5758,4579);
INSERT INTO "enrollments" VALUES(6,1961,6079,4813);
INSERT INTO "enrollments" VALUES(6,1962,6707,5329);
INSERT INTO "enrollments" VALUES(6,1963,7161,5721);
INSERT INTO "enrollments" VALUES(6,1964,7896,6374);
INSERT INTO "enrollments" VALUES(6,1965,8131,6785);
INSERT INTO "enrollments" VALUES(6,1966,8661,7406);
INSERT INTO "enrollments" VALUES(6,1967,9588,8187);
INSERT INTO "enrollments" VALUES(6,1968,10879,9305);
INSERT INTO "enrollments" VALUES(6,1969,12966,11294);
INSERT INTO "enrollments" VALUES(6,1970,13712,12334);
INSERT INTO "enrollments" VALUES(6,1971,14688,12666);
INSERT INTO "enrollments" VALUES(6,1972,15088,13169);
INSERT INTO "enrollments" VALUES(6,1973,15287,13135);
INSERT INTO "enrollments" VALUES(6,1974,15180,13041);
INSERT INTO "enrollments" VALUES(6,1975,15275,12814);
INSERT INTO "enrollments" VALUES(6,1976,14759,12394);
INSERT INTO "enrollments" VALUES(6,1977,14972,12405);
INSERT INTO "enrollments" VALUES(6,1978,14413,11968);
INSERT INTO "enrollments" VALUES(6,1979,14568,12114);
INSERT INTO "enrollments" VALUES(6,1980,15412,12847);
INSERT INTO "enrollments" VALUES(6,1981,15798,13124);
INSERT INTO "enrollments" VALUES(6,1982,15839,13349);
INSERT INTO "enrollments" VALUES(6,1983,15982,13575);
INSERT INTO "enrollments" VALUES(6,1984,16206,13743);
INSERT INTO "enrollments" VALUES(6,1985,16694,13882);
INSERT INTO "enrollments" VALUES(6,1986,17608,14542);
INSERT INTO "enrollments" VALUES(6,1987,18128,14916);
INSERT INTO "enrollments" VALUES(6,1988,18841,15306);
INSERT INTO "enrollments" VALUES(6,1989,19325,15682);
INSERT INTO "enrollments" VALUES(6,1990,19508,15825);
INSERT INTO "enrollments" VALUES(6,1991,19332,15975);
INSERT INTO "enrollments" VALUES(6,1992,18214,15282);
INSERT INTO "enrollments" VALUES(6,1993,17430,14817);
INSERT INTO "enrollments" VALUES(6,1994,16979,14587);
INSERT INTO "enrollments" VALUES(6,1995,17122,14792);
INSERT INTO "enrollments" VALUES(6,1996,17193,14690);
INSERT INTO "enrollments" VALUES(6,1997,17776,14880);
INSERT INTO "enrollments" VALUES(6,1998,17913,15085);
INSERT INTO "enrollments" VALUES(6,1999,18135,15297);
INSERT INTO "enrollments" VALUES(6,2000,18788,15627);
INSERT INTO "enrollments" VALUES(6,2001,19698,16348);
INSERT INTO "enrollments" VALUES(6,2002,20546,16843);
INSERT INTO "enrollments" VALUES(6,2003,21141,17241);
INSERT INTO "enrollments" VALUES(6,2004,19703,16986);
INSERT INTO "enrollments" VALUES(7,1957,349,88);
INSERT INTO "enrollments" VALUES(7,1958,284,66);
INSERT INTO "enrollments" VALUES(7,1959,466,180);
INSERT INTO "enrollments" VALUES(7,1960,1129,606);
INSERT INTO "enrollments" VALUES(7,1961,1741,968);
INSERT INTO "enrollments" VALUES(7,1962,2594,1376);
INSERT INTO "enrollments" VALUES(7,1963,3671,2088);
INSERT INTO "enrollments" VALUES(7,1964,4971,3149);
INSERT INTO "enrollments" VALUES(7,1965,6391,4236);
INSERT INTO "enrollments" VALUES(7,1966,7528,5290);
INSERT INTO "enrollments" VALUES(7,1967,9032,6438);
INSERT INTO "enrollments" VALUES(7,1968,10792,7913);
INSERT INTO "enrollments" VALUES(7,1969,12835,9526);
INSERT INTO "enrollments" VALUES(7,1970,14213,10656);
INSERT INTO "enrollments" VALUES(7,1971,15590,11406);
INSERT INTO "enrollments" VALUES(7,1972,17579,12649);
INSERT INTO "enrollments" VALUES(7,1973,18858,13327);
INSERT INTO "enrollments" VALUES(7,1974,20057,14005);
INSERT INTO "enrollments" VALUES(7,1975,21386,14687);
INSERT INTO "enrollments" VALUES(7,1976,21283,14610);
INSERT INTO "enrollments" VALUES(7,1977,21198,14438);
INSERT INTO "enrollments" VALUES(7,1978,21020,14424);
INSERT INTO "enrollments" VALUES(7,1979,21635,14886);
INSERT INTO "enrollments" VALUES(7,1980,22214,15438);
INSERT INTO "enrollments" VALUES(7,1981,22812,15964);
INSERT INTO "enrollments" VALUES(7,1982,22689,15889);
INSERT INTO "enrollments" VALUES(7,1983,22517,15909);
INSERT INTO "enrollments" VALUES(7,1984,22704,16062);
INSERT INTO "enrollments" VALUES(7,1985,23227,16383);
INSERT INTO "enrollments" VALUES(7,1986,23839,16698);
INSERT INTO "enrollments" VALUES(7,1987,23843,16811);
INSERT INTO "enrollments" VALUES(7,1988,24437,17208);
INSERT INTO "enrollments" VALUES(7,1989,24798,17519);
INSERT INTO "enrollments" VALUES(7,1990,25428,17939);
INSERT INTO "enrollments" VALUES(7,1991,24764,16925);
INSERT INTO "enrollments" VALUES(7,1992,23595,16286);
INSERT INTO "enrollments" VALUES(7,1993,22139,15423);
INSERT INTO "enrollments" VALUES(7,1994,21839,15414);
INSERT INTO "enrollments" VALUES(7,1995,22534,15971);
INSERT INTO "enrollments" VALUES(7,1996,23886,17044);
INSERT INTO "enrollments" VALUES(7,1997,24522,17826);
INSERT INTO "enrollments" VALUES(7,1998,25613,18538);
INSERT INTO "enrollments" VALUES(7,1999,27215,19839);
INSERT INTO "enrollments" VALUES(7,2000,28616,20852);
INSERT INTO "enrollments" VALUES(7,2001,30401,22034);
INSERT INTO "enrollments" VALUES(7,2002,31844,23038);
INSERT INTO "enrollments" VALUES(7,2003,31720,22953);
INSERT INTO "enrollments" VALUES(7,2004,33079,24395);
INSERT INTO "enrollments" VALUES(8,1935,338,287);
INSERT INTO "enrollments" VALUES(8,1936,328,294);
INSERT INTO "enrollments" VALUES(8,1937,322,296);
INSERT INTO "enrollments" VALUES(8,1938,350,339);
INSERT INTO "enrollments" VALUES(8,1939,424,401);
INSERT INTO "enrollments" VALUES(8,1940,432,422);
INSERT INTO "enrollments" VALUES(8,1941,368,358);
INSERT INTO "enrollments" VALUES(8,1942,267,266);
INSERT INTO "enrollments" VALUES(8,1943,159,160);
INSERT INTO "enrollments" VALUES(8,1944,173,159);
INSERT INTO "enrollments" VALUES(8,1945,255,239);
INSERT INTO "enrollments" VALUES(8,1946,652,615);
INSERT INTO "enrollments" VALUES(8,1947,704,686);
INSERT INTO "enrollments" VALUES(8,1948,704,674);
INSERT INTO "enrollments" VALUES(8,1949,751,698);
INSERT INTO "enrollments" VALUES(8,1950,624,542);
INSERT INTO "enrollments" VALUES(8,1951,592,498);
INSERT INTO "enrollments" VALUES(8,1952,653,523);
INSERT INTO "enrollments" VALUES(8,1953,812,632);
INSERT INTO "enrollments" VALUES(8,1954,1068,866);
INSERT INTO "enrollments" VALUES(8,1955,1244,1063);
INSERT INTO "enrollments" VALUES(8,1956,1404,1168);
INSERT INTO "enrollments" VALUES(8,1957,1596,1345);
INSERT INTO "enrollments" VALUES(8,1958,1790,1498);
INSERT INTO "enrollments" VALUES(8,1959,1828,1542);
INSERT INTO "enrollments" VALUES(8,1960,2037,1700);
INSERT INTO "enrollments" VALUES(8,1961,2102,1727);
INSERT INTO "enrollments" VALUES(8,1962,2391,1951);
INSERT INTO "enrollments" VALUES(8,1963,2532,2105);
INSERT INTO "enrollments" VALUES(8,1964,2883,2446);
INSERT INTO "enrollments" VALUES(8,1965,3144,2739);
INSERT INTO "enrollments" VALUES(8,1966,3326,2971);
INSERT INTO "enrollments" VALUES(8,1967,3751,3460);
INSERT INTO "enrollments" VALUES(8,1968,4405,4168);
INSERT INTO "enrollments" VALUES(8,1969,5173,4840);
INSERT INTO "enrollments" VALUES(8,1970,5672,5253);
INSERT INTO "enrollments" VALUES(8,1971,6060,5428);
INSERT INTO "enrollments" VALUES(8,1972,6606,5955);
INSERT INTO "enrollments" VALUES(8,1973,7053,6458);
INSERT INTO "enrollments" VALUES(8,1974,7175,6591);
INSERT INTO "enrollments" VALUES(8,1975,7203,6590);
INSERT INTO "enrollments" VALUES(8,1976,7048,6422);
INSERT INTO "enrollments" VALUES(8,1977,7234,6573);
INSERT INTO "enrollments" VALUES(8,1978,7076,6475);
INSERT INTO "enrollments" VALUES(8,1979,7186,6587);
INSERT INTO "enrollments" VALUES(8,1980,7258,6618);
INSERT INTO "enrollments" VALUES(8,1981,7145,6565);
INSERT INTO "enrollments" VALUES(8,1982,6876,6442);
INSERT INTO "enrollments" VALUES(8,1983,6285,5896);
INSERT INTO "enrollments" VALUES(8,1984,6010,5596);
INSERT INTO "enrollments" VALUES(8,1985,6053,5674);
INSERT INTO "enrollments" VALUES(8,1986,5844,5290);
INSERT INTO "enrollments" VALUES(8,1987,6222,5637);
INSERT INTO "enrollments" VALUES(8,1988,6753,6240);
INSERT INTO "enrollments" VALUES(8,1989,7355,6792);
INSERT INTO "enrollments" VALUES(8,1990,7652,7103);
INSERT INTO "enrollments" VALUES(8,1991,7779,7220);
INSERT INTO "enrollments" VALUES(8,1992,7623,7218);
INSERT INTO "enrollments" VALUES(8,1993,6887,6420);
INSERT INTO "enrollments" VALUES(8,1994,7029,6626);
INSERT INTO "enrollments" VALUES(8,1995,7374,6989);
INSERT INTO "enrollments" VALUES(8,1996,7545,7159);
INSERT INTO "enrollments" VALUES(8,1997,7420,7038);
INSERT INTO "enrollments" VALUES(8,1998,7409,7091);
INSERT INTO "enrollments" VALUES(8,1999,7440,7020);
INSERT INTO "enrollments" VALUES(8,2000,7313,6838);
INSERT INTO "enrollments" VALUES(8,2001,7277,6775);
INSERT INTO "enrollments" VALUES(8,2002,7553,6992);
INSERT INTO "enrollments" VALUES(8,2003,7585,7030);
INSERT INTO "enrollments" VALUES(8,2004,7367,6859);
INSERT INTO "enrollments" VALUES(9,1949,432,263);
INSERT INTO "enrollments" VALUES(9,1950,1058,695);
INSERT INTO "enrollments" VALUES(9,1951,1964,1112);
INSERT INTO "enrollments" VALUES(9,1952,2344,1295);
INSERT INTO "enrollments" VALUES(9,1953,3194,1705);
INSERT INTO "enrollments" VALUES(9,1954,4189,2344);
INSERT INTO "enrollments" VALUES(9,1955,5568,3217);
INSERT INTO "enrollments" VALUES(9,1956,7056,4271);
INSERT INTO "enrollments" VALUES(9,1957,8304,5184);
INSERT INTO "enrollments" VALUES(9,1958,9282,5947);
INSERT INTO "enrollments" VALUES(9,1959,9081,6234);
INSERT INTO "enrollments" VALUES(9,1960,10001,6795);
INSERT INTO "enrollments" VALUES(9,1961,11124,7592);
INSERT INTO "enrollments" VALUES(9,1962,12648,8608);
INSERT INTO "enrollments" VALUES(9,1963,14710,9954);
INSERT INTO "enrollments" VALUES(9,1964,17012,11652);
INSERT INTO "enrollments" VALUES(9,1965,18800,13181);
INSERT INTO "enrollments" VALUES(9,1966,20369,14550);
INSERT INTO "enrollments" VALUES(9,1967,23088,16090);
INSERT INTO "enrollments" VALUES(9,1968,25757,18361);
INSERT INTO "enrollments" VALUES(9,1969,26611,19027);
INSERT INTO "enrollments" VALUES(9,1970,26888,19854);
INSERT INTO "enrollments" VALUES(9,1971,28540,19954);
INSERT INTO "enrollments" VALUES(9,1972,29410,20086);
INSERT INTO "enrollments" VALUES(9,1973,30185,20632);
INSERT INTO "enrollments" VALUES(9,1974,30953,20884);
INSERT INTO "enrollments" VALUES(9,1975,32210,21729);
INSERT INTO "enrollments" VALUES(9,1976,31703,21706);
INSERT INTO "enrollments" VALUES(9,1977,32164,22018);
INSERT INTO "enrollments" VALUES(9,1978,30550,21221);
INSERT INTO "enrollments" VALUES(9,1979,30229,21137);
INSERT INTO "enrollments" VALUES(9,1980,30668,21413);
INSERT INTO "enrollments" VALUES(9,1981,31118,21972);
INSERT INTO "enrollments" VALUES(9,1982,31181,22237);
INSERT INTO "enrollments" VALUES(9,1983,30846,22130);
INSERT INTO "enrollments" VALUES(9,1984,30546,21803);
INSERT INTO "enrollments" VALUES(9,1985,32007,22917);
INSERT INTO "enrollments" VALUES(9,1986,33176,23562);
INSERT INTO "enrollments" VALUES(9,1987,34194,24187);
INSERT INTO "enrollments" VALUES(9,1988,34045,24167);
INSERT INTO "enrollments" VALUES(9,1989,32729,23012);
INSERT INTO "enrollments" VALUES(9,1990,33543,23724);
INSERT INTO "enrollments" VALUES(9,1991,31633,22203);
INSERT INTO "enrollments" VALUES(9,1992,28758,20539);
INSERT INTO "enrollments" VALUES(9,1993,26242,19113);
INSERT INTO "enrollments" VALUES(9,1994,25749,19022);
INSERT INTO "enrollments" VALUES(9,1995,25920,19252);
INSERT INTO "enrollments" VALUES(9,1996,26682,19754);
INSERT INTO "enrollments" VALUES(9,1997,27151,20229);
INSERT INTO "enrollments" VALUES(9,1998,27861,20919);
INSERT INTO "enrollments" VALUES(9,1999,29387,22274);
INSERT INTO "enrollments" VALUES(9,2000,30125,23094);
INSERT INTO "enrollments" VALUES(9,2001,32693,25129);
INSERT INTO "enrollments" VALUES(9,2002,33745,25865);
INSERT INTO "enrollments" VALUES(9,2003,33363,25639);
INSERT INTO "enrollments" VALUES(9,2004,32758,25418);
INSERT INTO "enrollments" VALUES(10,1947,238,229);
INSERT INTO "enrollments" VALUES(10,1948,1857,1025);
INSERT INTO "enrollments" VALUES(10,1949,2937,1784);
INSERT INTO "enrollments" VALUES(10,1950,3696,2307);
INSERT INTO "enrollments" VALUES(10,1951,4051,2378);
INSERT INTO "enrollments" VALUES(10,1952,4608,2675);
INSERT INTO "enrollments" VALUES(10,1953,6044,3075);
INSERT INTO "enrollments" VALUES(10,1954,7257,3781);
INSERT INTO "enrollments" VALUES(10,1955,8424,4351);
INSERT INTO "enrollments" VALUES(10,1956,8910,4713);
INSERT INTO "enrollments" VALUES(10,1957,10061,5416);
INSERT INTO "enrollments" VALUES(10,1958,12176,6396);
INSERT INTO "enrollments" VALUES(10,1959,13648,7693);
INSERT INTO "enrollments" VALUES(10,1960,14185,8742);
INSERT INTO "enrollments" VALUES(10,1961,15863,9894);
INSERT INTO "enrollments" VALUES(10,1962,17239,10562);
INSERT INTO "enrollments" VALUES(10,1963,18649,11371);
INSERT INTO "enrollments" VALUES(10,1964,19873,12021);
INSERT INTO "enrollments" VALUES(10,1965,18652,11436);
INSERT INTO "enrollments" VALUES(10,1966,19252,11934);
INSERT INTO "enrollments" VALUES(10,1967,18433,12452);
INSERT INTO "enrollments" VALUES(10,1968,19619,13441);
INSERT INTO "enrollments" VALUES(10,1969,21030,14684);
INSERT INTO "enrollments" VALUES(10,1970,21423,15348);
INSERT INTO "enrollments" VALUES(10,1971,22486,15225);
INSERT INTO "enrollments" VALUES(10,1972,22922,15281);
INSERT INTO "enrollments" VALUES(10,1973,22884,14993);
INSERT INTO "enrollments" VALUES(10,1974,23103,15026);
INSERT INTO "enrollments" VALUES(10,1975,24072,15625);
INSERT INTO "enrollments" VALUES(10,1976,23479,15229);
INSERT INTO "enrollments" VALUES(10,1977,23531,15277);
INSERT INTO "enrollments" VALUES(10,1978,22214,14344);
INSERT INTO "enrollments" VALUES(10,1979,21202,13757);
INSERT INTO "enrollments" VALUES(10,1980,20820,13536);
INSERT INTO "enrollments" VALUES(10,1981,21024,13909);
INSERT INTO "enrollments" VALUES(10,1982,20291,13603);
INSERT INTO "enrollments" VALUES(10,1983,19389,13167);
INSERT INTO "enrollments" VALUES(10,1984,19063,12906);
INSERT INTO "enrollments" VALUES(10,1985,19670,13245);
INSERT INTO "enrollments" VALUES(10,1986,20070,13359);
INSERT INTO "enrollments" VALUES(10,1987,19913,13249);
INSERT INTO "enrollments" VALUES(10,1988,20054,13360);
INSERT INTO "enrollments" VALUES(10,1989,20029,13426);
INSERT INTO "enrollments" VALUES(10,1990,20746,13961);
INSERT INTO "enrollments" VALUES(10,1991,19933,13124);
INSERT INTO "enrollments" VALUES(10,1992,18497,12527);
INSERT INTO "enrollments" VALUES(10,1993,17369,11792);
INSERT INTO "enrollments" VALUES(10,1994,17750,12296);
INSERT INTO "enrollments" VALUES(10,1995,17723,12340);
INSERT INTO "enrollments" VALUES(10,1996,18273,12671);
INSERT INTO "enrollments" VALUES(10,1997,18818,13039);
INSERT INTO "enrollments" VALUES(10,1998,19305,13382);
INSERT INTO "enrollments" VALUES(10,1999,19198,13337);
INSERT INTO "enrollments" VALUES(10,2000,19317,13446);
INSERT INTO "enrollments" VALUES(10,2001,20191,14205);
INSERT INTO "enrollments" VALUES(10,2002,20582,14713);
INSERT INTO "enrollments" VALUES(10,2003,20015,14696);
INSERT INTO "enrollments" VALUES(10,2004,19190,14377);
INSERT INTO "enrollments" VALUES(11,1994,422,468);
INSERT INTO "enrollments" VALUES(11,1995,362,451);
INSERT INTO "enrollments" VALUES(11,1996,351,446);
INSERT INTO "enrollments" VALUES(11,1997,379,492);
INSERT INTO "enrollments" VALUES(11,1998,433,575);
INSERT INTO "enrollments" VALUES(11,1999,542,684);
INSERT INTO "enrollments" VALUES(11,2000,597,719);
INSERT INTO "enrollments" VALUES(11,2001,561,764);
INSERT INTO "enrollments" VALUES(11,2002,637,809);
INSERT INTO "enrollments" VALUES(11,2003,657,868);
INSERT INTO "enrollments" VALUES(11,2004,704,872);
INSERT INTO "enrollments" VALUES(12,1995,717,672);
INSERT INTO "enrollments" VALUES(12,1996,1312,1286);
INSERT INTO "enrollments" VALUES(12,1997,1577,1533);
INSERT INTO "enrollments" VALUES(12,1998,1936,1825);
INSERT INTO "enrollments" VALUES(12,1999,2228,2114);
INSERT INTO "enrollments" VALUES(12,2000,2539,2428);
INSERT INTO "enrollments" VALUES(12,2001,2983,2839);
INSERT INTO "enrollments" VALUES(12,2002,3484,3287);
INSERT INTO "enrollments" VALUES(12,2003,3702,3570);
INSERT INTO "enrollments" VALUES(12,2004,3710,3578);
INSERT INTO "enrollments" VALUES(13,1956,1624,646);
INSERT INTO "enrollments" VALUES(13,1957,2737,1308);
INSERT INTO "enrollments" VALUES(13,1958,3658,1856);
INSERT INTO "enrollments" VALUES(13,1959,4598,2596);
INSERT INTO "enrollments" VALUES(13,1960,6048,3875);
INSERT INTO "enrollments" VALUES(13,1961,7256,4828);
INSERT INTO "enrollments" VALUES(13,1962,8594,5833);
INSERT INTO "enrollments" VALUES(13,1963,9944,6805);
INSERT INTO "enrollments" VALUES(13,1964,12068,8538);
INSERT INTO "enrollments" VALUES(13,1965,12754,9408);
INSERT INTO "enrollments" VALUES(13,1966,13782,10339);
INSERT INTO "enrollments" VALUES(13,1967,15687,11684);
INSERT INTO "enrollments" VALUES(13,1968,17724,13471);
INSERT INTO "enrollments" VALUES(13,1969,20401,15639);
INSERT INTO "enrollments" VALUES(13,1970,22623,17843);
INSERT INTO "enrollments" VALUES(13,1971,24080,18065);
INSERT INTO "enrollments" VALUES(13,1972,24383,18281);
INSERT INTO "enrollments" VALUES(13,1973,24518,17990);
INSERT INTO "enrollments" VALUES(13,1974,25141,18171);
INSERT INTO "enrollments" VALUES(13,1975,26820,18995);
INSERT INTO "enrollments" VALUES(13,1976,26454,18730);
INSERT INTO "enrollments" VALUES(13,1977,27312,19106);
INSERT INTO "enrollments" VALUES(13,1978,26934,18856);
INSERT INTO "enrollments" VALUES(13,1979,27434,19405);
INSERT INTO "enrollments" VALUES(13,1980,27430,19498);
INSERT INTO "enrollments" VALUES(13,1981,26733,19002);
INSERT INTO "enrollments" VALUES(13,1982,27486,19743);
INSERT INTO "enrollments" VALUES(13,1983,27167,19654);
INSERT INTO "enrollments" VALUES(13,1984,27641,19800);
INSERT INTO "enrollments" VALUES(13,1985,28453,20402);
INSERT INTO "enrollments" VALUES(13,1986,29328,20903);
INSERT INTO "enrollments" VALUES(13,1987,29260,20843);
INSERT INTO "enrollments" VALUES(13,1988,30762,21763);
INSERT INTO "enrollments" VALUES(13,1989,30349,21334);
INSERT INTO "enrollments" VALUES(13,1990,30617,21437);
INSERT INTO "enrollments" VALUES(13,1991,30004,21135);
INSERT INTO "enrollments" VALUES(13,1992,27834,19590);
INSERT INTO "enrollments" VALUES(13,1993,26048,18380);
INSERT INTO "enrollments" VALUES(13,1994,23976,17123);
INSERT INTO "enrollments" VALUES(13,1995,24962,17890);
INSERT INTO "enrollments" VALUES(13,1996,26590,19084);
INSERT INTO "enrollments" VALUES(13,1997,27086,19554);
INSERT INTO "enrollments" VALUES(13,1998,27054,19615);
INSERT INTO "enrollments" VALUES(13,1999,27723,20215);
INSERT INTO "enrollments" VALUES(13,2000,29003,21296);
INSERT INTO "enrollments" VALUES(13,2001,31565,23135);
INSERT INTO "enrollments" VALUES(13,2002,33028,24353);
INSERT INTO "enrollments" VALUES(13,2003,32702,24134);
INSERT INTO "enrollments" VALUES(13,2004,31674,23485);
INSERT INTO "enrollments" VALUES(14,1947,386,400);
INSERT INTO "enrollments" VALUES(14,1948,404,432);
INSERT INTO "enrollments" VALUES(14,1949,427,431);
INSERT INTO "enrollments" VALUES(14,1950,379,378);
INSERT INTO "enrollments" VALUES(14,1951,317,323);
INSERT INTO "enrollments" VALUES(14,1952,386,417);
INSERT INTO "enrollments" VALUES(14,1953,405,440);
INSERT INTO "enrollments" VALUES(14,1954,361,400);
INSERT INTO "enrollments" VALUES(14,1955,373,403);
INSERT INTO "enrollments" VALUES(14,1956,468,491);
INSERT INTO "enrollments" VALUES(14,1957,760,783);
INSERT INTO "enrollments" VALUES(14,1958,1193,1194);
INSERT INTO "enrollments" VALUES(14,1959,1630,1628);
INSERT INTO "enrollments" VALUES(14,1960,2095,2051);
INSERT INTO "enrollments" VALUES(14,1961,2631,2539);
INSERT INTO "enrollments" VALUES(14,1962,3236,3104);
INSERT INTO "enrollments" VALUES(14,1963,3692,3498);
INSERT INTO "enrollments" VALUES(14,1964,4252,4037);
INSERT INTO "enrollments" VALUES(14,1965,4680,4463);
INSERT INTO "enrollments" VALUES(14,1966,5172,4882);
INSERT INTO "enrollments" VALUES(14,1967,5730,5390);
INSERT INTO "enrollments" VALUES(14,1968,6789,6345);
INSERT INTO "enrollments" VALUES(14,1969,7577,7183);
INSERT INTO "enrollments" VALUES(14,1970,8433,7835);
INSERT INTO "enrollments" VALUES(14,1971,9607,8754);
INSERT INTO "enrollments" VALUES(14,1972,10207,9079);
INSERT INTO "enrollments" VALUES(14,1973,10128,8746);
INSERT INTO "enrollments" VALUES(14,1974,10801,9249);
INSERT INTO "enrollments" VALUES(14,1975,12188,10228);
INSERT INTO "enrollments" VALUES(14,1976,12889,10793);
INSERT INTO "enrollments" VALUES(14,1977,13497,11147);
INSERT INTO "enrollments" VALUES(14,1978,13845,11336);
INSERT INTO "enrollments" VALUES(14,1979,14430,11853);
INSERT INTO "enrollments" VALUES(14,1980,15478,12745);
INSERT INTO "enrollments" VALUES(14,1981,15317,12574);
INSERT INTO "enrollments" VALUES(14,1982,15869,13055);
INSERT INTO "enrollments" VALUES(14,1983,16071,13199);
INSERT INTO "enrollments" VALUES(14,1984,16486,13286);
INSERT INTO "enrollments" VALUES(14,1985,16735,13440);
INSERT INTO "enrollments" VALUES(14,1986,17222,13649);
INSERT INTO "enrollments" VALUES(14,1987,17773,13974);
INSERT INTO "enrollments" VALUES(14,1988,18292,14395);
INSERT INTO "enrollments" VALUES(14,1989,18959,14879);
INSERT INTO "enrollments" VALUES(14,1990,18982,14934);
INSERT INTO "enrollments" VALUES(14,1991,18471,14482);
INSERT INTO "enrollments" VALUES(14,1992,17241,13533);
INSERT INTO "enrollments" VALUES(14,1993,16336,12821);
INSERT INTO "enrollments" VALUES(14,1994,15909,12561);
INSERT INTO "enrollments" VALUES(14,1995,16177,12933);
INSERT INTO "enrollments" VALUES(14,1996,16278,13111);
INSERT INTO "enrollments" VALUES(14,1997,16772,13613);
INSERT INTO "enrollments" VALUES(14,1998,17200,14097);
INSERT INTO "enrollments" VALUES(14,1999,17616,14296);
INSERT INTO "enrollments" VALUES(14,2000,18085,14813);
INSERT INTO "enrollments" VALUES(14,2001,18648,15467);
INSERT INTO "enrollments" VALUES(14,2002,19232,15969);
INSERT INTO "enrollments" VALUES(14,2003,18932,15986);
INSERT INTO "enrollments" VALUES(14,2004,18390,15528);
INSERT INTO "enrollments" VALUES(15,1947,414,162);
INSERT INTO "enrollments" VALUES(15,1948,1044,610);
INSERT INTO "enrollments" VALUES(15,1949,1528,912);
INSERT INTO "enrollments" VALUES(15,1950,1894,1105);
INSERT INTO "enrollments" VALUES(15,1951,1942,1027);
INSERT INTO "enrollments" VALUES(15,1952,2262,963);
INSERT INTO "enrollments" VALUES(15,1953,2868,1419);
INSERT INTO "enrollments" VALUES(15,1954,3537,1925);
INSERT INTO "enrollments" VALUES(15,1955,4404,2588);
INSERT INTO "enrollments" VALUES(15,1956,5152,3001);
INSERT INTO "enrollments" VALUES(15,1957,5788,3406);
INSERT INTO "enrollments" VALUES(15,1958,6207,3671);
INSERT INTO "enrollments" VALUES(15,1959,6144,3880);
INSERT INTO "enrollments" VALUES(15,1960,6120,4009);
INSERT INTO "enrollments" VALUES(15,1961,6186,4251);
INSERT INTO "enrollments" VALUES(15,1962,7318,4791);
INSERT INTO "enrollments" VALUES(15,1963,8241,5362);
INSERT INTO "enrollments" VALUES(15,1964,9119,6192);
INSERT INTO "enrollments" VALUES(15,1965,9660,6752);
INSERT INTO "enrollments" VALUES(15,1966,10504,7570);
INSERT INTO "enrollments" VALUES(15,1967,12062,8980);
INSERT INTO "enrollments" VALUES(15,1968,13588,10491);
INSERT INTO "enrollments" VALUES(15,1969,14654,11962);
INSERT INTO "enrollments" VALUES(15,1970,15807,12639);
INSERT INTO "enrollments" VALUES(15,1971,17432,14146);
INSERT INTO "enrollments" VALUES(15,1972,17844,14670);
INSERT INTO "enrollments" VALUES(15,1973,18606,15002);
INSERT INTO "enrollments" VALUES(15,1974,19656,15225);
INSERT INTO "enrollments" VALUES(15,1975,20502,15848);
INSERT INTO "enrollments" VALUES(15,1976,20173,15611);
INSERT INTO "enrollments" VALUES(15,1977,20590,15919);
INSERT INTO "enrollments" VALUES(15,1978,20158,15682);
INSERT INTO "enrollments" VALUES(15,1979,20821,16217);
INSERT INTO "enrollments" VALUES(15,1980,21873,17050);
INSERT INTO "enrollments" VALUES(15,1981,21632,16958);
INSERT INTO "enrollments" VALUES(15,1982,21521,16937);
INSERT INTO "enrollments" VALUES(15,1983,21509,17030);
INSERT INTO "enrollments" VALUES(15,1984,22022,17338);
INSERT INTO "enrollments" VALUES(15,1985,22930,17700);
INSERT INTO "enrollments" VALUES(15,1986,23411,17758);
INSERT INTO "enrollments" VALUES(15,1987,23821,17945);
INSERT INTO "enrollments" VALUES(15,1988,24768,18589);
INSERT INTO "enrollments" VALUES(15,1989,25213,19000);
INSERT INTO "enrollments" VALUES(15,1990,25751,19442);
INSERT INTO "enrollments" VALUES(15,1991,25358,19019);
INSERT INTO "enrollments" VALUES(15,1992,23888,18103);
INSERT INTO "enrollments" VALUES(15,1993,22678,17308);
INSERT INTO "enrollments" VALUES(15,1994,22286,17048);
INSERT INTO "enrollments" VALUES(15,1995,22352,17194);
INSERT INTO "enrollments" VALUES(15,1996,22776,17593);
INSERT INTO "enrollments" VALUES(15,1997,23027,17885);
INSERT INTO "enrollments" VALUES(15,1998,23340,18261);
INSERT INTO "enrollments" VALUES(15,1999,24207,18801);
INSERT INTO "enrollments" VALUES(15,2000,25396,19701);
INSERT INTO "enrollments" VALUES(15,2001,26596,20652);
INSERT INTO "enrollments" VALUES(15,2002,27759,21529);
INSERT INTO "enrollments" VALUES(15,2003,27652,21698);
INSERT INTO "enrollments" VALUES(15,2004,27494,21717);
INSERT INTO "enrollments" VALUES(16,1965,290,249);
INSERT INTO "enrollments" VALUES(16,1966,588,515);
INSERT INTO "enrollments" VALUES(16,1967,923,807);
INSERT INTO "enrollments" VALUES(16,1968,1294,1128);
INSERT INTO "enrollments" VALUES(16,1969,1825,1611);
INSERT INTO "enrollments" VALUES(16,1970,2234,2003);
INSERT INTO "enrollments" VALUES(16,1971,2422,2151);
INSERT INTO "enrollments" VALUES(16,1972,2613,2268);
INSERT INTO "enrollments" VALUES(16,1973,3039,2592);
INSERT INTO "enrollments" VALUES(16,1974,3489,2843);
INSERT INTO "enrollments" VALUES(16,1975,3962,3148);
INSERT INTO "enrollments" VALUES(16,1976,4002,3086);
INSERT INTO "enrollments" VALUES(16,1977,4294,3222);
INSERT INTO "enrollments" VALUES(16,1978,4122,3038);
INSERT INTO "enrollments" VALUES(16,1979,4091,3030);
INSERT INTO "enrollments" VALUES(16,1980,4508,3312);
INSERT INTO "enrollments" VALUES(16,1981,4719,3504);
INSERT INTO "enrollments" VALUES(16,1982,4908,3689);
INSERT INTO "enrollments" VALUES(16,1983,5239,3955);
INSERT INTO "enrollments" VALUES(16,1984,5661,4302);
INSERT INTO "enrollments" VALUES(16,1985,6391,4782);
INSERT INTO "enrollments" VALUES(16,1986,7212,5346);
INSERT INTO "enrollments" VALUES(16,1987,8160,6095);
INSERT INTO "enrollments" VALUES(16,1988,9362,7099);
INSERT INTO "enrollments" VALUES(16,1989,10494,7255);
INSERT INTO "enrollments" VALUES(16,1990,11442,8098);
INSERT INTO "enrollments" VALUES(16,1991,12019,8709);
INSERT INTO "enrollments" VALUES(16,1992,11898,8953);
INSERT INTO "enrollments" VALUES(16,1993,11644,8950);
INSERT INTO "enrollments" VALUES(16,1994,11429,8832);
INSERT INTO "enrollments" VALUES(16,1995,11514,8927);
INSERT INTO "enrollments" VALUES(16,1996,11993,9353);
INSERT INTO "enrollments" VALUES(16,1997,12989,10088);
INSERT INTO "enrollments" VALUES(16,1998,13471,10553);
INSERT INTO "enrollments" VALUES(16,1999,14168,11035);
INSERT INTO "enrollments" VALUES(16,2000,14917,11548);
INSERT INTO "enrollments" VALUES(16,2001,15797,12213);
INSERT INTO "enrollments" VALUES(16,2002,16298,12629);
INSERT INTO "enrollments" VALUES(16,2003,16034,12587);
INSERT INTO "enrollments" VALUES(16,2004,15659,12637);
INSERT INTO "enrollments" VALUES(17,1935,1343,1287);
INSERT INTO "enrollments" VALUES(17,1936,1449,1382);
INSERT INTO "enrollments" VALUES(17,1937,1670,1616);
INSERT INTO "enrollments" VALUES(17,1938,1958,1896);
INSERT INTO "enrollments" VALUES(17,1939,1986,1916);
INSERT INTO "enrollments" VALUES(17,1940,1914,1748);
INSERT INTO "enrollments" VALUES(17,1941,1588,1404);
INSERT INTO "enrollments" VALUES(17,1942,1244,1126);
INSERT INTO "enrollments" VALUES(17,1943,860,742);
INSERT INTO "enrollments" VALUES(17,1944,1089,972);
INSERT INTO "enrollments" VALUES(17,1945,1918,1622);
INSERT INTO "enrollments" VALUES(17,1946,3636,3191);
INSERT INTO "enrollments" VALUES(17,1947,4278,3759);
INSERT INTO "enrollments" VALUES(17,1948,4440,3811);
INSERT INTO "enrollments" VALUES(17,1949,4712,4002);
INSERT INTO "enrollments" VALUES(17,1950,4268,3536);
INSERT INTO "enrollments" VALUES(17,1951,4134,3262);
INSERT INTO "enrollments" VALUES(17,1952,4494,3567);
INSERT INTO "enrollments" VALUES(17,1953,5164,4024);
INSERT INTO "enrollments" VALUES(17,1954,5782,4614);
INSERT INTO "enrollments" VALUES(17,1955,6868,5429);
INSERT INTO "enrollments" VALUES(17,1956,8146,6121);
INSERT INTO "enrollments" VALUES(17,1957,8579,6458);
INSERT INTO "enrollments" VALUES(17,1958,9030,6652);
INSERT INTO "enrollments" VALUES(17,1959,9748,7208);
INSERT INTO "enrollments" VALUES(17,1960,10967,8166);
INSERT INTO "enrollments" VALUES(17,1961,12169,9127);
INSERT INTO "enrollments" VALUES(17,1962,13444,10203);
INSERT INTO "enrollments" VALUES(17,1963,14229,10954);
INSERT INTO "enrollments" VALUES(17,1964,15940,12165);
INSERT INTO "enrollments" VALUES(17,1965,16713,12826);
INSERT INTO "enrollments" VALUES(17,1966,18074,14211);
INSERT INTO "enrollments" VALUES(17,1967,19984,15724);
INSERT INTO "enrollments" VALUES(17,1968,21951,17683);
INSERT INTO "enrollments" VALUES(17,1969,23293,18860);
INSERT INTO "enrollments" VALUES(17,1970,25380,20247);
INSERT INTO "enrollments" VALUES(17,1971,26151,20184);
INSERT INTO "enrollments" VALUES(17,1972,28869,21758);
INSERT INTO "enrollments" VALUES(17,1973,29861,22517);
INSERT INTO "enrollments" VALUES(17,1974,30878,23297);
INSERT INTO "enrollments" VALUES(17,1975,31281,23782);
INSERT INTO "enrollments" VALUES(17,1976,30158,22715);
INSERT INTO "enrollments" VALUES(17,1977,30424,22697);
INSERT INTO "enrollments" VALUES(17,1978,30182,22567);
INSERT INTO "enrollments" VALUES(17,1979,31398,23896);
INSERT INTO "enrollments" VALUES(17,1980,33219,25033);
INSERT INTO "enrollments" VALUES(17,1981,32760,24698);
INSERT INTO "enrollments" VALUES(17,1982,31162,23713);
INSERT INTO "enrollments" VALUES(17,1983,31862,24748);
INSERT INTO "enrollments" VALUES(17,1984,33045,25487);
INSERT INTO "enrollments" VALUES(17,1985,33976,25868);
INSERT INTO "enrollments" VALUES(17,1986,34837,26219);
INSERT INTO "enrollments" VALUES(17,1987,36017,26819);
INSERT INTO "enrollments" VALUES(17,1988,35937,26621);
INSERT INTO "enrollments" VALUES(17,1989,35649,26446);
INSERT INTO "enrollments" VALUES(17,1990,35125,26354);
INSERT INTO "enrollments" VALUES(17,1991,32572,23969);
INSERT INTO "enrollments" VALUES(17,1992,29706,22099);
INSERT INTO "enrollments" VALUES(17,1993,27493,20925);
INSERT INTO "enrollments" VALUES(17,1994,27886,21458);
INSERT INTO "enrollments" VALUES(17,1995,29025,22427);
INSERT INTO "enrollments" VALUES(17,1996,29740,23075);
INSERT INTO "enrollments" VALUES(17,1997,30177,23434);
INSERT INTO "enrollments" VALUES(17,1998,30898,24144);
INSERT INTO "enrollments" VALUES(17,1999,31040,24261);
INSERT INTO "enrollments" VALUES(17,2000,31641,24728);
INSERT INTO "enrollments" VALUES(17,2001,33377,26371);
INSERT INTO "enrollments" VALUES(17,2002,33288,26723);
INSERT INTO "enrollments" VALUES(17,2003,32296,25965);
INSERT INTO "enrollments" VALUES(17,2004,31563,25687);
INSERT INTO "enrollments" VALUES(18,1935,1554,1376);
INSERT INTO "enrollments" VALUES(18,1936,1484,1349);
INSERT INTO "enrollments" VALUES(18,1937,1606,1454);
INSERT INTO "enrollments" VALUES(18,1938,2022,1834);
INSERT INTO "enrollments" VALUES(18,1939,2380,2168);
INSERT INTO "enrollments" VALUES(18,1940,2158,1969);
INSERT INTO "enrollments" VALUES(18,1941,1706,1506);
INSERT INTO "enrollments" VALUES(18,1942,1271,1025);
INSERT INTO "enrollments" VALUES(18,1943,914,722);
INSERT INTO "enrollments" VALUES(18,1944,936,757);
INSERT INTO "enrollments" VALUES(18,1945,1356,1135);
INSERT INTO "enrollments" VALUES(18,1946,2646,2422);
INSERT INTO "enrollments" VALUES(18,1947,3404,2882);
INSERT INTO "enrollments" VALUES(18,1948,4458,3325);
INSERT INTO "enrollments" VALUES(18,1949,5222,3865);
INSERT INTO "enrollments" VALUES(18,1950,5386,4081);
INSERT INTO "enrollments" VALUES(18,1951,5598,4070);
INSERT INTO "enrollments" VALUES(18,1952,5829,4191);
INSERT INTO "enrollments" VALUES(18,1953,6526,4611);
INSERT INTO "enrollments" VALUES(18,1954,7498,5271);
INSERT INTO "enrollments" VALUES(18,1955,8068,5543);
INSERT INTO "enrollments" VALUES(18,1956,9046,6220);
INSERT INTO "enrollments" VALUES(18,1957,9765,6640);
INSERT INTO "enrollments" VALUES(18,1958,10785,7057);
INSERT INTO "enrollments" VALUES(18,1959,11283,7689);
INSERT INTO "enrollments" VALUES(18,1960,11743,8533);
INSERT INTO "enrollments" VALUES(18,1961,12569,9467);
INSERT INTO "enrollments" VALUES(18,1962,13925,10422);
INSERT INTO "enrollments" VALUES(18,1963,15344,11537);
INSERT INTO "enrollments" VALUES(18,1964,15060,11592);
INSERT INTO "enrollments" VALUES(18,1965,15723,11921);
INSERT INTO "enrollments" VALUES(18,1966,17977,13635);
INSERT INTO "enrollments" VALUES(18,1967,17758,13585);
INSERT INTO "enrollments" VALUES(18,1968,17644,13285);
INSERT INTO "enrollments" VALUES(18,1969,17858,13688);
INSERT INTO "enrollments" VALUES(18,1970,18264,14446);
INSERT INTO "enrollments" VALUES(18,1971,18910,14152);
INSERT INTO "enrollments" VALUES(18,1972,20883,15848);
INSERT INTO "enrollments" VALUES(18,1973,21431,16228);
INSERT INTO "enrollments" VALUES(18,1974,21257,15850);
INSERT INTO "enrollments" VALUES(18,1975,23605,17343);
INSERT INTO "enrollments" VALUES(18,1976,22985,16727);
INSERT INTO "enrollments" VALUES(18,1977,23851,17385);
INSERT INTO "enrollments" VALUES(18,1978,23416,17128);
INSERT INTO "enrollments" VALUES(18,1979,23646,17377);
INSERT INTO "enrollments" VALUES(18,1980,24031,17640);
INSERT INTO "enrollments" VALUES(18,1981,23846,17355);
INSERT INTO "enrollments" VALUES(18,1982,24130,17672);
INSERT INTO "enrollments" VALUES(18,1983,23645,17544);
INSERT INTO "enrollments" VALUES(18,1984,23871,17671);
INSERT INTO "enrollments" VALUES(18,1985,24782,18115);
INSERT INTO "enrollments" VALUES(18,1986,25574,18737);
INSERT INTO "enrollments" VALUES(18,1987,26346,19141);
INSERT INTO "enrollments" VALUES(18,1988,27817,20207);
INSERT INTO "enrollments" VALUES(18,1989,28826,20637);
INSERT INTO "enrollments" VALUES(18,1990,28959,20522);
INSERT INTO "enrollments" VALUES(18,1991,27281,19341);
INSERT INTO "enrollments" VALUES(18,1992,26051,18397);
INSERT INTO "enrollments" VALUES(18,1993,25151,18161);
INSERT INTO "enrollments" VALUES(18,1994,25750,18780);
INSERT INTO "enrollments" VALUES(18,1995,26595,19596);
INSERT INTO "enrollments" VALUES(18,1996,27231,20124);
INSERT INTO "enrollments" VALUES(18,1997,26671,19654);
INSERT INTO "enrollments" VALUES(18,1998,27029,20051);
INSERT INTO "enrollments" VALUES(18,1999,27348,20267);
INSERT INTO "enrollments" VALUES(18,2000,26301,19623);
INSERT INTO "enrollments" VALUES(18,2001,26585,19779);
INSERT INTO "enrollments" VALUES(18,2002,28128,21145);
INSERT INTO "enrollments" VALUES(18,2003,28932,21955);
INSERT INTO "enrollments" VALUES(18,2004,28299,21840);
INSERT INTO "enrollments" VALUES(19,1935,1717,1638);
INSERT INTO "enrollments" VALUES(19,1936,1768,1682);
INSERT INTO "enrollments" VALUES(19,1937,1939,1861);
INSERT INTO "enrollments" VALUES(19,1938,2186,2076);
INSERT INTO "enrollments" VALUES(19,1939,2556,2447);
INSERT INTO "enrollments" VALUES(19,1940,2650,2513);
INSERT INTO "enrollments" VALUES(19,1941,2742,2038);
INSERT INTO "enrollments" VALUES(19,1942,2096,1532);
INSERT INTO "enrollments" VALUES(19,1943,1432,995);
INSERT INTO "enrollments" VALUES(19,1944,1464,1219);
INSERT INTO "enrollments" VALUES(19,1945,2307,2273);
INSERT INTO "enrollments" VALUES(19,1946,4371,4099);
INSERT INTO "enrollments" VALUES(19,1947,5098,4779);
INSERT INTO "enrollments" VALUES(19,1948,5836,5439);
INSERT INTO "enrollments" VALUES(19,1949,6891,6461);
INSERT INTO "enrollments" VALUES(19,1950,5915,5424);
INSERT INTO "enrollments" VALUES(19,1951,6239,5532);
INSERT INTO "enrollments" VALUES(19,1952,6662,5928);
INSERT INTO "enrollments" VALUES(19,1953,7773,6904);
INSERT INTO "enrollments" VALUES(19,1954,7854,7157);
INSERT INTO "enrollments" VALUES(19,1955,9523,8249);
INSERT INTO "enrollments" VALUES(19,1956,10826,8971);
INSERT INTO "enrollments" VALUES(19,1957,11842,9588);
INSERT INTO "enrollments" VALUES(19,1958,12853,10170);
INSERT INTO "enrollments" VALUES(19,1959,13932,10739);
INSERT INTO "enrollments" VALUES(19,1960,14468,11592);
INSERT INTO "enrollments" VALUES(19,1961,15784,12587);
INSERT INTO "enrollments" VALUES(19,1962,17256,13695);
INSERT INTO "enrollments" VALUES(19,1963,18930,14836);
INSERT INTO "enrollments" VALUES(19,1964,19847,15496);
INSERT INTO "enrollments" VALUES(19,1965,19810,15306);
INSERT INTO "enrollments" VALUES(19,1966,21379,16491);
INSERT INTO "enrollments" VALUES(19,1967,22412,17464);
INSERT INTO "enrollments" VALUES(19,1968,22883,18316);
INSERT INTO "enrollments" VALUES(19,1969,23654,18758);
INSERT INTO "enrollments" VALUES(19,1970,24340,19074);
INSERT INTO "enrollments" VALUES(19,1971,25774,19383);
INSERT INTO "enrollments" VALUES(19,1972,27247,20177);
INSERT INTO "enrollments" VALUES(19,1973,27306,20197);
INSERT INTO "enrollments" VALUES(19,1974,26357,19337);
INSERT INTO "enrollments" VALUES(19,1975,27221,19683);
INSERT INTO "enrollments" VALUES(19,1976,26662,19113);
INSERT INTO "enrollments" VALUES(19,1977,27337,19623);
INSERT INTO "enrollments" VALUES(19,1978,26128,18875);
INSERT INTO "enrollments" VALUES(19,1979,25299,18417);
INSERT INTO "enrollments" VALUES(19,1980,24626,18035);
INSERT INTO "enrollments" VALUES(19,1981,24319,17694);
INSERT INTO "enrollments" VALUES(19,1982,24792,18174);
INSERT INTO "enrollments" VALUES(19,1983,24454,18093);
INSERT INTO "enrollments" VALUES(19,1984,24517,18071);
INSERT INTO "enrollments" VALUES(19,1985,25291,18522);
INSERT INTO "enrollments" VALUES(19,1986,26199,19090);
INSERT INTO "enrollments" VALUES(19,1987,26726,19470);
INSERT INTO "enrollments" VALUES(19,1988,28142,20484);
INSERT INTO "enrollments" VALUES(19,1989,29206,21387);
INSERT INTO "enrollments" VALUES(19,1990,29879,21649);
INSERT INTO "enrollments" VALUES(19,1991,29533,21060);
INSERT INTO "enrollments" VALUES(19,1992,27432,19631);
INSERT INTO "enrollments" VALUES(19,1993,26192,18858);
INSERT INTO "enrollments" VALUES(19,1994,25519,18620);
INSERT INTO "enrollments" VALUES(19,1995,25183,18428);
INSERT INTO "enrollments" VALUES(19,1996,25414,18807);
INSERT INTO "enrollments" VALUES(19,1997,25981,19292);
INSERT INTO "enrollments" VALUES(19,1998,26111,19075);
INSERT INTO "enrollments" VALUES(19,1999,26303,19259);
INSERT INTO "enrollments" VALUES(19,2000,25989,19071);
INSERT INTO "enrollments" VALUES(19,2001,27621,20201);
INSERT INTO "enrollments" VALUES(19,2002,29706,21614);
INSERT INTO "enrollments" VALUES(19,2003,28866,21027);
INSERT INTO "enrollments" VALUES(19,2004,28529,21140);
INSERT INTO "enrollments" VALUES(20,1947,2109,2154);
INSERT INTO "enrollments" VALUES(20,1948,2493,2582);
INSERT INTO "enrollments" VALUES(20,1949,2807,2925);
INSERT INTO "enrollments" VALUES(20,1950,2436,2545);
INSERT INTO "enrollments" VALUES(20,1951,2098,2192);
INSERT INTO "enrollments" VALUES(20,1952,2085,2215);
INSERT INTO "enrollments" VALUES(20,1953,2177,2342);
INSERT INTO "enrollments" VALUES(20,1954,2675,2872);
INSERT INTO "enrollments" VALUES(20,1955,3090,3260);
INSERT INTO "enrollments" VALUES(20,1956,3749,3888);
INSERT INTO "enrollments" VALUES(20,1957,4031,4130);
INSERT INTO "enrollments" VALUES(20,1958,4065,4042);
INSERT INTO "enrollments" VALUES(20,1959,4236,4129);
INSERT INTO "enrollments" VALUES(20,1960,4555,4484);
INSERT INTO "enrollments" VALUES(20,1961,4996,4913);
INSERT INTO "enrollments" VALUES(20,1962,5637,5489);
INSERT INTO "enrollments" VALUES(20,1963,6102,5934);
INSERT INTO "enrollments" VALUES(20,1964,6680,6539);
INSERT INTO "enrollments" VALUES(20,1965,6928,6804);
INSERT INTO "enrollments" VALUES(20,1966,7461,7457);
INSERT INTO "enrollments" VALUES(20,1967,8196,8102);
INSERT INTO "enrollments" VALUES(20,1968,9439,9303);
INSERT INTO "enrollments" VALUES(20,1969,10835,10702);
INSERT INTO "enrollments" VALUES(20,1970,11818,11777);
INSERT INTO "enrollments" VALUES(20,1971,11693,11437);
INSERT INTO "enrollments" VALUES(20,1972,11773,11566);
INSERT INTO "enrollments" VALUES(20,1973,12792,12430);
INSERT INTO "enrollments" VALUES(20,1974,14099,13606);
INSERT INTO "enrollments" VALUES(20,1975,14780,14230);
INSERT INTO "enrollments" VALUES(20,1976,14808,14066);
INSERT INTO "enrollments" VALUES(20,1977,15220,14248);
INSERT INTO "enrollments" VALUES(20,1978,15339,14213);
INSERT INTO "enrollments" VALUES(20,1979,15720,14500);
INSERT INTO "enrollments" VALUES(20,1980,15856,14558);
INSERT INTO "enrollments" VALUES(20,1981,16137,14760);
INSERT INTO "enrollments" VALUES(20,1982,15293,14099);
INSERT INTO "enrollments" VALUES(20,1983,15335,14168);
INSERT INTO "enrollments" VALUES(20,1984,15764,14437);
INSERT INTO "enrollments" VALUES(20,1985,15867,14378);
INSERT INTO "enrollments" VALUES(20,1986,15545,14060);
INSERT INTO "enrollments" VALUES(20,1987,15904,14290);
INSERT INTO "enrollments" VALUES(20,1988,16270,14566);
INSERT INTO "enrollments" VALUES(20,1989,17295,15387);
INSERT INTO "enrollments" VALUES(20,1990,17267,15476);
INSERT INTO "enrollments" VALUES(20,1991,17001,15211);
INSERT INTO "enrollments" VALUES(20,1992,15610,14111);
INSERT INTO "enrollments" VALUES(20,1993,14956,13618);
INSERT INTO "enrollments" VALUES(20,1994,15063,13760);
INSERT INTO "enrollments" VALUES(20,1995,15703,14456);
INSERT INTO "enrollments" VALUES(20,1996,16394,15148);
INSERT INTO "enrollments" VALUES(20,1997,16143,14988);
INSERT INTO "enrollments" VALUES(20,1998,15736,14598);
INSERT INTO "enrollments" VALUES(20,1999,15916,14760);
INSERT INTO "enrollments" VALUES(20,2000,16340,15103);
INSERT INTO "enrollments" VALUES(20,2001,17552,16272);
INSERT INTO "enrollments" VALUES(20,2002,17838,16694);
INSERT INTO "enrollments" VALUES(20,2003,17550,16501);
INSERT INTO "enrollments" VALUES(20,2004,17229,16127);
INSERT INTO "enrollments" VALUES(21,1990,551,344);
INSERT INTO "enrollments" VALUES(21,1991,1181,791);
INSERT INTO "enrollments" VALUES(21,1992,1952,1356);
INSERT INTO "enrollments" VALUES(21,1993,2452,1762);
INSERT INTO "enrollments" VALUES(21,1994,2736,1982);
INSERT INTO "enrollments" VALUES(21,1995,3674,2695);
INSERT INTO "enrollments" VALUES(21,1996,4410,3236);
INSERT INTO "enrollments" VALUES(21,1997,4630,3433);
INSERT INTO "enrollments" VALUES(21,1998,5113,3797);
INSERT INTO "enrollments" VALUES(21,1999,5758,4334);
INSERT INTO "enrollments" VALUES(21,2000,6223,4709);
INSERT INTO "enrollments" VALUES(21,2001,6562,4954);
INSERT INTO "enrollments" VALUES(21,2002,7469,5737);
INSERT INTO "enrollments" VALUES(21,2003,7495,5770);
INSERT INTO "enrollments" VALUES(21,2004,7418,5854);
INSERT INTO "enrollments" VALUES(22,1956,184,71);
INSERT INTO "enrollments" VALUES(22,1957,254,128);
INSERT INTO "enrollments" VALUES(22,1958,242,124);
INSERT INTO "enrollments" VALUES(22,1959,217,115);
INSERT INTO "enrollments" VALUES(22,1960,231,115);
INSERT INTO "enrollments" VALUES(22,1961,271,127);
INSERT INTO "enrollments" VALUES(22,1962,480,276);
INSERT INTO "enrollments" VALUES(22,1963,695,433);
INSERT INTO "enrollments" VALUES(22,1964,928,657);
INSERT INTO "enrollments" VALUES(22,1965,1132,853);
INSERT INTO "enrollments" VALUES(22,1966,1433,1145);
INSERT INTO "enrollments" VALUES(22,1967,1986,1634);
INSERT INTO "enrollments" VALUES(22,1968,2857,2527);
INSERT INTO "enrollments" VALUES(22,1969,3395,3154);
INSERT INTO "enrollments" VALUES(22,1970,4122,3866);
INSERT INTO "enrollments" VALUES(22,1971,5067,4712);
INSERT INTO "enrollments" VALUES(22,1972,5203,4880);
INSERT INTO "enrollments" VALUES(22,1973,5640,5150);
INSERT INTO "enrollments" VALUES(22,1974,5822,5172);
INSERT INTO "enrollments" VALUES(22,1975,5957,5055);
INSERT INTO "enrollments" VALUES(22,1976,5850,4903);
INSERT INTO "enrollments" VALUES(22,1977,5887,4605);
INSERT INTO "enrollments" VALUES(22,1978,5705,4362);
INSERT INTO "enrollments" VALUES(22,1979,5570,4276);
INSERT INTO "enrollments" VALUES(22,1980,5508,4285);
INSERT INTO "enrollments" VALUES(22,1981,5304,4135);
INSERT INTO "enrollments" VALUES(22,1982,5463,4274);
INSERT INTO "enrollments" VALUES(22,1983,5307,4166);
INSERT INTO "enrollments" VALUES(22,1984,5254,4086);
INSERT INTO "enrollments" VALUES(22,1985,5450,4124);
INSERT INTO "enrollments" VALUES(22,1986,5698,4320);
INSERT INTO "enrollments" VALUES(22,1987,6194,4592);
INSERT INTO "enrollments" VALUES(22,1988,6629,4987);
INSERT INTO "enrollments" VALUES(22,1989,7044,5386);
INSERT INTO "enrollments" VALUES(22,1990,7467,5795);
INSERT INTO "enrollments" VALUES(22,1991,7549,6006);
INSERT INTO "enrollments" VALUES(22,1992,6893,5439);
INSERT INTO "enrollments" VALUES(22,1993,6453,5197);
INSERT INTO "enrollments" VALUES(22,1994,6581,5317);
INSERT INTO "enrollments" VALUES(22,1995,6709,5529);
INSERT INTO "enrollments" VALUES(22,1996,6932,5771);
INSERT INTO "enrollments" VALUES(22,1997,6985,5882);
INSERT INTO "enrollments" VALUES(22,1998,6982,5883);
INSERT INTO "enrollments" VALUES(22,1999,7073,5978);
INSERT INTO "enrollments" VALUES(22,2000,7278,6224);
INSERT INTO "enrollments" VALUES(22,2001,7527,6464);
INSERT INTO "enrollments" VALUES(22,2002,7911,6810);
INSERT INTO "enrollments" VALUES(22,2003,8099,6997);
INSERT INTO "enrollments" VALUES(22,2004,7865,6778);
INSERT INTO "enrollments" VALUES(23,1960,779,321);
INSERT INTO "enrollments" VALUES(23,1961,750,310);
INSERT INTO "enrollments" VALUES(23,1962,726,296);
INSERT INTO "enrollments" VALUES(23,1963,761,324);
INSERT INTO "enrollments" VALUES(23,1964,688,325);
INSERT INTO "enrollments" VALUES(23,1965,681,464);
INSERT INTO "enrollments" VALUES(23,1966,923,706);
INSERT INTO "enrollments" VALUES(23,1967,1197,934);
INSERT INTO "enrollments" VALUES(23,1968,1656,1347);
INSERT INTO "enrollments" VALUES(23,1969,2173,1867);
INSERT INTO "enrollments" VALUES(23,1970,2582,2355);
INSERT INTO "enrollments" VALUES(23,1971,2610,2357);
INSERT INTO "enrollments" VALUES(23,1972,2658,2342);
INSERT INTO "enrollments" VALUES(23,1973,2471,2175);
INSERT INTO "enrollments" VALUES(23,1974,2716,2302);
INSERT INTO "enrollments" VALUES(23,1975,2987,2447);
INSERT INTO "enrollments" VALUES(23,1976,3076,2430);
INSERT INTO "enrollments" VALUES(23,1977,3284,2513);
INSERT INTO "enrollments" VALUES(23,1978,3193,2474);
INSERT INTO "enrollments" VALUES(23,1979,3359,2564);
INSERT INTO "enrollments" VALUES(23,1980,3721,2860);
INSERT INTO "enrollments" VALUES(23,1981,3931,3031);
INSERT INTO "enrollments" VALUES(23,1982,3971,3118);
INSERT INTO "enrollments" VALUES(23,1983,3920,3106);
INSERT INTO "enrollments" VALUES(23,1984,3856,3018);
INSERT INTO "enrollments" VALUES(23,1985,4037,3128);
INSERT INTO "enrollments" VALUES(23,1986,4393,3392);
INSERT INTO "enrollments" VALUES(23,1987,4633,3541);
INSERT INTO "enrollments" VALUES(23,1988,4914,3750);
INSERT INTO "enrollments" VALUES(23,1989,5154,3993);
INSERT INTO "enrollments" VALUES(23,1990,5394,4179);
INSERT INTO "enrollments" VALUES(23,1991,5319,4169);
INSERT INTO "enrollments" VALUES(23,1992,5396,4266);
INSERT INTO "enrollments" VALUES(23,1993,5399,4420);
INSERT INTO "enrollments" VALUES(23,1994,5474,4531);
INSERT INTO "enrollments" VALUES(23,1995,5542,4635);
INSERT INTO "enrollments" VALUES(23,1996,5735,4761);
INSERT INTO "enrollments" VALUES(23,1997,5793,4889);
INSERT INTO "enrollments" VALUES(23,1998,5974,5092);
INSERT INTO "enrollments" VALUES(23,1999,6168,5290);
INSERT INTO "enrollments" VALUES(23,2000,6650,5611);
INSERT INTO "enrollments" VALUES(23,2001,7074,5874);
INSERT INTO "enrollments" VALUES(23,2002,7431,6202);
INSERT INTO "enrollments" VALUES(23,2003,7396,6184);
INSERT INTO "enrollments" VALUES(23,2004,7364,6255);
CREATE TABLE IF NOT EXISTS "faculty" ( 
	"Campus" INTEGER, 
	"Year" INTEGER, 
	"Faculty" REAL,
	FOREIGN KEY (Campus) REFERENCES Campuses(Id) 
);
INSERT INTO "faculty" VALUES(1,2002,357.1);
INSERT INTO "faculty" VALUES(2,2002,48.4);
INSERT INTO "faculty" VALUES(3,2002,742.8);
INSERT INTO "faculty" VALUES(4,2002,449.8);
INSERT INTO "faculty" VALUES(5,2002,552.0);
INSERT INTO "faculty" VALUES(6,2002,694.6);
INSERT INTO "faculty" VALUES(7,2002,1257.3);
INSERT INTO "faculty" VALUES(8,2002,435.4);
INSERT INTO "faculty" VALUES(9,2002,1429.0);
INSERT INTO "faculty" VALUES(10,2002,831.5);
INSERT INTO "faculty" VALUES(11,2002,53.8);
INSERT INTO "faculty" VALUES(12,2002,156.4);
INSERT INTO "faculty" VALUES(13,2002,1141.2);
INSERT INTO "faculty" VALUES(14,2002,873.5);
INSERT INTO "faculty" VALUES(15,2002,1102.0);
INSERT INTO "faculty" VALUES(16,2002,670.9);
INSERT INTO "faculty" VALUES(17,2002,1555.7);
INSERT INTO "faculty" VALUES(18,2002,1173.3);
INSERT INTO "faculty" VALUES(19,2002,1177.5);
INSERT INTO "faculty" VALUES(20,2002,945.6);
INSERT INTO "faculty" VALUES(21,2002,290.4);
INSERT INTO "faculty" VALUES(22,2002,334.4);
INSERT INTO "faculty" VALUES(23,2002,319.5);
INSERT INTO "faculty" VALUES(1,2003,361.6);
INSERT INTO "faculty" VALUES(2,2003,92.5);
INSERT INTO "faculty" VALUES(3,2003,697.4);
INSERT INTO "faculty" VALUES(4,2003,470.5);
INSERT INTO "faculty" VALUES(5,2003,526.0);
INSERT INTO "faculty" VALUES(6,2003,738.0);
INSERT INTO "faculty" VALUES(7,2003,1253.5);
INSERT INTO "faculty" VALUES(8,2003,406.2);
INSERT INTO "faculty" VALUES(9,2003,1388.5);
INSERT INTO "faculty" VALUES(10,2003,793.7);
INSERT INTO "faculty" VALUES(11,2003,53.6);
INSERT INTO "faculty" VALUES(12,2003,153.9);
INSERT INTO "faculty" VALUES(13,2003,1163.1);
INSERT INTO "faculty" VALUES(14,2003,857.5);
INSERT INTO "faculty" VALUES(15,2003,1107.2);
INSERT INTO "faculty" VALUES(16,2003,660.0);
INSERT INTO "faculty" VALUES(17,2003,1447.1);
INSERT INTO "faculty" VALUES(18,2003,1116.3);
INSERT INTO "faculty" VALUES(19,2003,1091.3);
INSERT INTO "faculty" VALUES(20,2003,935.7);
INSERT INTO "faculty" VALUES(21,2003,282.1);
INSERT INTO "faculty" VALUES(22,2003,315.4);
INSERT INTO "faculty" VALUES(23,2003,333.9);
INSERT INTO "faculty" VALUES(1,2004,346.2);
INSERT INTO "faculty" VALUES(2,2004,117.7);
INSERT INTO "faculty" VALUES(3,2004,656.0);
INSERT INTO "faculty" VALUES(4,2004,406.2);
INSERT INTO "faculty" VALUES(5,2004,548.3);
INSERT INTO "faculty" VALUES(6,2004,809.1);
INSERT INTO "faculty" VALUES(7,2004,1111.6);
INSERT INTO "faculty" VALUES(8,2004,377.9);
INSERT INTO "faculty" VALUES(9,2004,1328.9);
INSERT INTO "faculty" VALUES(10,2004,798.5);
INSERT INTO "faculty" VALUES(11,2004,78.1);
INSERT INTO "faculty" VALUES(12,2004,151.4);
INSERT INTO "faculty" VALUES(13,2004,1112.1);
INSERT INTO "faculty" VALUES(14,2004,736.8);
INSERT INTO "faculty" VALUES(15,2004,1027.6);
INSERT INTO "faculty" VALUES(16,2004,597.0);
INSERT INTO "faculty" VALUES(17,2004,1363.5);
INSERT INTO "faculty" VALUES(18,2004,1083.3);
INSERT INTO "faculty" VALUES(19,2004,1045.3);
INSERT INTO "faculty" VALUES(20,2004,886.5);
INSERT INTO "faculty" VALUES(21,2004,257.4);
INSERT INTO "faculty" VALUES(22,2004,288.1);
INSERT INTO "faculty" VALUES(23,2004,307.0);
COMMIT;
